Price,Adj Close,Close,High,Low,Open,Volume
Ticker,SPY,SPY,SPY,SPY,SPY,SPY
Date,,,,,,
2020-01-02 00:00:00+00:00,301.1949157714844,324.8699951171875,324.8900146484375,322.5299987792969,323.5400085449219,59151200
2020-01-03 00:00:00+00:00,298.9141540527344,322.4100036621094,323.6400146484375,321.1000061035156,321.1600036621094,77709700
2020-01-06 00:00:00+00:00,300.0545349121094,323.6400146484375,323.7300109863281,320.3599853515625,320.489990234375,55653900
2020-01-07 00:00:00+00:00,299.2109069824219,322.7300109863281,323.5400085449219,322.239990234375,323.0199890136719,40496400
2020-01-08 00:00:00+00:00,300.8055725097656,324.45001220703125,325.7799987792969,322.6700134277344,322.94000244140625,68296000
2020-01-09 00:00:00+00:00,302.8452453613281,326.6499938964844,326.7300109863281,325.5199890136719,326.1600036621094,48473300
2020-01-10 00:00:00+00:00,301.9737548828125,325.7099914550781,327.4599914550781,325.20001220703125,327.2900085449219,53029300
2020-01-13 00:00:00+00:00,304.0504455566406,327.95001220703125,327.9599914550781,325.9200134277344,326.3900146484375,47086800
2020-01-14 00:00:00+00:00,303.5869140625,327.45001220703125,328.6199951171875,326.8399963378906,327.4700012207031,62832800
2020-01-15 00:00:00+00:00,304.2729797363281,328.19000244140625,329.0199890136719,327.260009765625,327.3500061035156,72056600
2020-01-16 00:00:00+00:00,306.80401611328125,330.9200134277344,330.9200134277344,329.45001220703125,329.70001220703125,54050300
2020-01-17 00:00:00+00:00,307.7588806152344,331.95001220703125,332.17999267578125,330.8500061035156,331.70001220703125,95846000
2020-01-21 00:00:00+00:00,307.1562805175781,331.29998779296875,332.17999267578125,330.82000732421875,330.8999938964844,77742400
2020-01-22 00:00:00+00:00,307.193359375,331.3399963378906,332.95001220703125,331.1700134277344,332.239990234375,48914900
2020-01-23 00:00:00+00:00,307.5456848144531,331.7200012207031,332.1700134277344,329.4100036621094,330.6300048828125,51963000
2020-01-24 00:00:00+00:00,304.8106994628906,328.7699890136719,332.5299987792969,327.3599853515625,332.44000244140625,87578400
2020-01-27 00:00:00+00:00,299.92474365234375,323.5,325.1199951171875,322.6600036621094,323.0299987792969,84062500
2020-01-28 00:00:00+00:00,303.067626953125,326.8900146484375,327.8500061035156,323.6000061035156,325.05999755859375,63834000
2020-01-29 00:00:00+00:00,302.8173828125,326.6199951171875,328.6300048828125,326.3999938964844,328.3800048828125,53888900
2020-01-30 00:00:00+00:00,303.8001403808594,327.67999267578125,327.9100036621094,323.5400085449219,324.3599853515625,75491800
2020-01-31 00:00:00+00:00,298.28375244140625,321.7300109863281,327.1700134277344,320.7300109863281,327.0,113845600
2020-02-03 00:00:00+00:00,300.49957275390625,324.1199951171875,326.1600036621094,323.2200012207031,323.3500061035156,69083000
2020-02-04 00:00:00+00:00,305.07958984375,329.05999755859375,330.010009765625,327.7200012207031,328.07000732421875,62573200
2020-02-05 00:00:00+00:00,308.6026611328125,332.8599853515625,333.0899963378906,330.6700134277344,332.2699890136719,65951100
2020-02-06 00:00:00+00:00,309.6410217285156,333.9800109863281,334.19000244140625,332.79998779296875,333.9100036621094,50359700
2020-02-07 00:00:00+00:00,307.9907531738281,332.20001220703125,333.989990234375,331.6000061035156,332.82000732421875,64139400
2020-02-10 00:00:00+00:00,310.2900390625,334.67999267578125,334.75,331.19000244140625,331.2300109863281,42070000
2020-02-11 00:00:00+00:00,310.8277587890625,335.260009765625,337.0199890136719,334.67999267578125,336.1600036621094,54864500
2020-02-12 00:00:00+00:00,312.8303527832031,337.4200134277344,337.6499938964844,336.42999267578125,336.8299865722656,43992700
2020-02-13 00:00:00+00:00,312.4965515136719,337.05999755859375,338.1199951171875,335.55999755859375,335.8599853515625,54501900
2020-02-14 00:00:00+00:00,312.9972229003906,337.6000061035156,337.7300109863281,336.20001220703125,337.510009765625,64582200
2020-02-18 00:00:00+00:00,312.1907043457031,336.7300109863281,337.6700134277344,335.2099914550781,336.510009765625,57226200
2020-02-19 00:00:00+00:00,313.6832580566406,338.3399963378906,339.0799865722656,337.4800109863281,337.7900085449219,48814700
2020-02-20 00:00:00+00:00,312.3945617675781,336.95001220703125,338.6400146484375,333.67999267578125,337.739990234375,74163400
2020-02-21 00:00:00+00:00,309.17742919921875,333.4800109863281,335.80999755859375,332.5799865722656,335.4700012207031,113788200
2020-02-24 00:00:00+00:00,298.9234619140625,322.4200134277344,333.55999755859375,321.239990234375,323.1400146484375,161088400
2020-02-25 00:00:00+00:00,289.86553955078125,312.6499938964844,324.6099853515625,311.69000244140625,323.94000244140625,218913200
2020-02-26 00:00:00+00:00,288.79925537109375,311.5,318.1099853515625,310.70001220703125,314.17999267578125,194773800
2020-02-27 00:00:00+00:00,275.82879638671875,297.510009765625,311.55999755859375,297.510009765625,305.4599914550781,284353500
2020-02-28 00:00:00+00:00,274.6698913574219,296.260009765625,297.8900146484375,285.5400085449219,288.70001220703125,384975800
2020-03-02 00:00:00+00:00,286.5649108886719,309.0899963378906,309.1600036621094,294.4599914550781,298.2099914550781,238703600
2020-03-03 00:00:00+00:00,278.3598937988281,300.239990234375,313.8399963378906,297.57000732421875,309.5,300139100
2020-03-04 00:00:00+00:00,290.0601501464844,312.8599853515625,313.1000061035156,303.3299865722656,306.1199951171875,176613400
2020-03-05 00:00:00+00:00,280.4179992675781,302.4599914550781,308.4700012207031,300.010009765625,304.9800109863281,186366800
2020-03-06 00:00:00+00:00,275.7823791503906,297.4599914550781,298.7799987792969,290.2300109863281,293.1499938964844,228667200
2020-03-09 00:00:00+00:00,254.2452850341797,274.2300109863281,284.19000244140625,273.45001220703125,275.29998779296875,309417300
2020-03-10 00:00:00+00:00,267.40130615234375,288.4200134277344,288.5199890136719,273.5,284.6400146484375,276444100
2020-03-11 00:00:00+00:00,254.3658447265625,274.3599853515625,281.94000244140625,270.8800048828125,280.70001220703125,255316300
2020-03-12 00:00:00+00:00,230.02880859375,248.11000061035156,266.6600036621094,247.67999267578125,256.0,392220700
2020-03-13 00:00:00+00:00,249.6931915283203,269.32000732421875,271.4800109863281,248.52000427246094,263.0899963378906,329566100
2020-03-16 00:00:00+00:00,222.37078857421875,239.85000610351562,256.8999938964844,237.36000061035156,241.17999267578125,297240000
2020-03-17 00:00:00+00:00,234.37705993652344,252.8000030517578,256.1700134277344,237.07000732421875,245.0399932861328,262070500
2020-03-18 00:00:00+00:00,222.50987243652344,240.0,248.3699951171875,228.02000427246094,236.25,327597100
2020-03-19 00:00:00+00:00,222.98269653320312,240.50999450683594,247.3800048828125,232.22000122070312,239.25,289322000
2020-03-20 00:00:00+00:00,213.37342834472656,228.8000030517578,244.47000122070312,228.5,242.52999877929688,347158800
2020-03-23 00:00:00+00:00,207.91787719726562,222.9499969482422,229.67999267578125,218.25999450683594,228.19000244140625,326025200
2020-03-24 00:00:00+00:00,226.75588989257812,243.14999389648438,244.10000610351562,233.8000030517578,234.4199981689453,235494500
2020-03-25 00:00:00+00:00,230.15049743652344,246.7899932861328,256.3500061035156,239.75,244.8699951171875,299430300
2020-03-26 00:00:00+00:00,243.5889129638672,261.20001220703125,262.79998779296875,249.0500030517578,249.52000427246094,257632800
2020-03-27 00:00:00+00:00,236.33348083496094,253.4199981689453,260.80999755859375,251.0500030517578,253.27000427246094,224341200
2020-03-30 00:00:00+00:00,244.008544921875,261.6499938964844,262.42999267578125,253.52999877929688,255.6999969482422,171369500
2020-03-31 00:00:00+00:00,240.37152099609375,257.75,263.3299865722656,256.2200012207031,260.55999755859375,194881100
2020-04-01 00:00:00+00:00,229.5536346435547,246.14999389648438,257.6600036621094,243.89999389648438,247.97999572753906,189554600
2020-04-02 00:00:00+00:00,234.85067749023438,251.8300018310547,252.67999267578125,244.58999633789062,245.19000244140625,177660400
2020-04-03 00:00:00+00:00,231.45608520507812,248.19000244140625,253.32000732421875,245.22000122070312,250.75999450683594,135561200
2020-04-06 00:00:00+00:00,247.00210571289062,264.8599853515625,267.0,248.1699981689453,257.8399963378906,188061200
2020-04-07 00:00:00+00:00,247.25393676757812,265.1300048828125,275.0299987792969,264.8900146484375,274.2099914550781,201427200
2020-04-08 00:00:00+00:00,255.5538330078125,274.0299987792969,276.0,265.25,267.9599914550781,153774500
2020-04-09 00:00:00+00:00,259.4427490234375,278.20001220703125,281.20001220703125,275.4700012207031,277.5799865722656,189999200
2020-04-13 00:00:00+00:00,257.073974609375,275.6600036621094,277.510009765625,271.4100036621094,277.1400146484375,114839100
2020-04-14 00:00:00+00:00,264.6557922363281,283.7900085449219,284.8999938964844,275.510009765625,280.9800109863281,134143400
2020-04-15 00:00:00+00:00,259.0323486328125,277.760009765625,283.94000244140625,275.4599914550781,277.57000732421875,121775000
2020-04-16 00:00:00+00:00,260.2819519042969,279.1000061035156,280.0299987792969,275.760009765625,279.1499938964844,131798300
2020-04-17 00:00:00+00:00,267.3136901855469,286.6400146484375,287.29998779296875,282.3999938964844,285.3800048828125,146684800
2020-04-20 00:00:00+00:00,262.6041564941406,281.5899963378906,286.7900085449219,281.3500061035156,282.6099853515625,100109300
2020-04-21 00:00:00+00:00,254.630615234375,273.0400085449219,278.0400085449219,272.0199890136719,276.7300109863281,126385700
2020-04-22 00:00:00+00:00,260.2819519042969,279.1000061035156,281.0,276.9100036621094,278.3500061035156,92951600
2020-04-23 00:00:00+00:00,260.2633361816406,279.0799865722656,283.94000244140625,278.75,280.489990234375,104709700
2020-04-24 00:00:00+00:00,263.8910217285156,282.9700012207031,283.70001220703125,278.5,280.7300109863281,85063200
2020-04-27 00:00:00+00:00,267.696044921875,287.04998779296875,288.2699890136719,284.6199951171875,285.1199951171875,77896600
2020-04-28 00:00:00+00:00,266.4649658203125,285.7300109863281,291.3999938964844,285.3999938964844,291.0199890136719,105270000
2020-04-29 00:00:00+00:00,273.4407043457031,293.2099914550781,294.8800048828125,290.4100036621094,291.5299987792969,118745600
2020-04-30 00:00:00+00:00,270.8948059082031,290.4800109863281,293.32000732421875,288.5899963378906,291.7099914550781,122901700
2020-05-01 00:00:00+00:00,263.72314453125,282.7900085449219,290.6600036621094,281.5199890136719,285.30999755859375,125180000
2020-05-04 00:00:00+00:00,264.4505920410156,283.57000732421875,283.8999938964844,279.1300048828125,280.739990234375,80873200
2020-05-05 00:00:00+00:00,266.8939514160156,286.19000244140625,289.25,283.7099914550781,286.6400146484375,79569900
2020-05-06 00:00:00+00:00,265.0847473144531,284.25,288.4599914550781,283.7799987792969,288.0400085449219,73632600
2020-05-07 00:00:00+00:00,268.28350830078125,287.67999267578125,289.7799987792969,287.1300048828125,287.75,75250400
2020-05-08 00:00:00+00:00,272.72265625,292.44000244140625,292.95001220703125,289.8599853515625,291.0899963378906,76452400
2020-05-11 00:00:00+00:00,272.77850341796875,292.5,294.0,289.8800048828125,290.3399963378906,79514200
2020-05-12 00:00:00+00:00,267.3416442871094,286.6700134277344,294.239990234375,286.5199890136719,293.7900085449219,95870800
2020-05-13 00:00:00+00:00,262.6134338378906,281.6000061035156,287.19000244140625,278.9599914550781,286.05999755859375,144721100
2020-05-14 00:00:00+00:00,265.7562255859375,284.9700012207031,285.1099853515625,272.989990234375,278.95001220703125,121977900
2020-05-15 00:00:00+00:00,266.9779052734375,286.2799987792969,286.3299865722656,281.3399963378906,282.3699951171875,111146300
2020-05-18 00:00:00+00:00,275.1099548339844,295.0,296.75,292.70001220703125,293.04998779296875,119703800
2020-05-19 00:00:00+00:00,272.28424072265625,291.9700012207031,296.2099914550781,291.95001220703125,294.3500061035156,95189300
2020-05-20 00:00:00+00:00,276.9098205566406,296.92999267578125,297.8699951171875,295.57000732421875,295.82000732421875,85861700
2020-05-21 00:00:00+00:00,274.9980773925781,294.8800048828125,297.6700134277344,293.69000244140625,296.7900085449219,78293900
2020-05-22 00:00:00+00:00,275.520263671875,295.44000244140625,295.6300048828125,293.2200012207031,294.57000732421875,63958200
2020-05-26 00:00:00+00:00,278.9149169921875,299.0799865722656,302.19000244140625,295.4599914550781,301.92999267578125,88951400
2020-05-27 00:00:00+00:00,283.0648498535156,303.5299987792969,303.57000732421875,296.8699951171875,302.1199951171875,104817400
2020-05-28 00:00:00+00:00,282.54266357421875,302.9700012207031,306.8399963378906,302.239990234375,304.6499938964844,90405200
2020-05-29 00:00:00+00:00,283.80157470703125,304.32000732421875,304.9599914550781,299.4700012207031,302.4599914550781,119090800
2020-06-01 00:00:00+00:00,284.9486083984375,305.54998779296875,306.2099914550781,303.05999755859375,303.6199951171875,55758300
2020-06-02 00:00:00+00:00,287.30810546875,308.0799865722656,308.1300048828125,305.1000061035156,306.54998779296875,74267200
2020-06-03 00:00:00+00:00,291.13165283203125,312.17999267578125,313.2200012207031,309.94000244140625,310.239990234375,92567600
2020-06-04 00:00:00+00:00,290.366943359375,311.3599853515625,313.0,309.0799865722656,311.1099853515625,75794400
2020-06-05 00:00:00+00:00,297.8088684082031,319.3399963378906,321.2699890136719,317.1600036621094,317.2300109863281,150524700
2020-06-08 00:00:00+00:00,301.4085998535156,323.20001220703125,323.4100036621094,319.6300048828125,320.2200012207031,73641200
2020-06-09 00:00:00+00:00,299.1611328125,320.7900085449219,323.2799987792969,319.3599853515625,320.29998779296875,77479200
2020-06-10 00:00:00+00:00,297.4918212890625,319.0,322.3900146484375,318.2200012207031,321.4200134277344,95000800
2020-06-11 00:00:00+00:00,280.3417053222656,300.6099853515625,312.1499938964844,300.010009765625,311.4599914550781,209243600
2020-06-12 00:00:00+00:00,283.69903564453125,304.2099914550781,309.0799865722656,298.6000061035156,308.239990234375,194678900
2020-06-15 00:00:00+00:00,286.3475341796875,307.04998779296875,308.2799987792969,296.739990234375,298.0199890136719,135782700
2020-06-16 00:00:00+00:00,291.8591003417969,312.9599914550781,315.6400146484375,307.6700134277344,315.4800109863281,137627500
2020-06-17 00:00:00+00:00,290.64666748046875,311.6600036621094,314.3900146484375,310.8599853515625,314.07000732421875,83398900
2020-06-18 00:00:00+00:00,290.75860595703125,311.7799987792969,312.29998779296875,309.510009765625,310.010009765625,80828700
2020-06-19 00:00:00+00:00,289.0969543457031,308.6400146484375,314.3800048828125,306.5299987792969,314.1700134277344,135549600
2020-06-22 00:00:00+00:00,290.95159912109375,310.6199951171875,311.04998779296875,306.75,307.989990234375,74649400
2020-06-23 00:00:00+00:00,292.291015625,312.04998779296875,314.5,311.6099853515625,313.489990234375,68471200
2020-06-24 00:00:00+00:00,284.8350830078125,304.0899963378906,310.510009765625,302.1000061035156,309.8399963378906,132813500
2020-06-25 00:00:00+00:00,287.8885803222656,307.3500061035156,307.6400146484375,301.2799987792969,303.4700012207031,89468000
2020-06-26 00:00:00+00:00,281.0508117675781,300.04998779296875,306.3900146484375,299.4200134277344,306.1600036621094,127961000
2020-06-29 00:00:00+00:00,285.1815490722656,304.4599914550781,304.6099853515625,298.92999267578125,301.4100036621094,79773300
2020-06-30 00:00:00+00:00,288.8346252441406,308.3599853515625,310.20001220703125,303.82000732421875,303.989990234375,113394800
2020-07-01 00:00:00+00:00,290.85791015625,310.5199890136719,311.8900146484375,309.07000732421875,309.57000732421875,72396500
2020-07-02 00:00:00+00:00,292.4595947265625,312.2300109863281,315.70001220703125,311.510009765625,314.239990234375,69344200
2020-07-06 00:00:00+00:00,296.9743957519531,317.04998779296875,317.67999267578125,315.55999755859375,316.3699951171875,61713800
2020-07-07 00:00:00+00:00,293.91156005859375,313.7799987792969,317.5199890136719,313.3699951171875,315.3800048828125,82910000
2020-07-08 00:00:00+00:00,296.1595458984375,316.17999267578125,316.29998779296875,312.70001220703125,314.6099853515625,54638600
2020-07-09 00:00:00+00:00,294.4735412597656,314.3800048828125,317.1000061035156,310.67999267578125,316.8399963378906,83354200
2020-07-10 00:00:00+00:00,297.48016357421875,317.5899963378906,317.8800048828125,312.760009765625,314.30999755859375,57550400
2020-07-13 00:00:00+00:00,294.904296875,314.8399963378906,322.7099914550781,314.1300048828125,320.1300048828125,102997500
2020-07-14 00:00:00+00:00,298.72601318359375,318.9200134277344,319.760009765625,312.0,313.29998779296875,93657000
2020-07-15 00:00:00+00:00,301.4704284667969,321.8500061035156,323.0400085449219,319.2699890136719,322.4100036621094,87196500
2020-07-16 00:00:00+00:00,300.4776306152344,320.7900085449219,321.2799987792969,319.0899963378906,319.7900085449219,54622500
2020-07-17 00:00:00+00:00,301.3486633300781,321.7200012207031,322.57000732421875,319.739990234375,321.8800048828125,62774900
2020-07-20 00:00:00+00:00,303.7840881347656,324.32000732421875,325.1300048828125,320.6199951171875,321.42999267578125,56308800
2020-07-21 00:00:00+00:00,304.43035888671875,325.010009765625,326.92999267578125,323.94000244140625,326.45001220703125,57292200
2020-07-22 00:00:00+00:00,306.1631774902344,326.8599853515625,327.20001220703125,324.5,324.6199951171875,57792900
2020-07-23 00:00:00+00:00,302.51019287109375,322.9599914550781,327.2300109863281,321.4800109863281,326.4700012207031,75738000
2020-07-24 00:00:00+00:00,300.5618591308594,320.8800048828125,321.989990234375,319.25,320.95001220703125,73766600
2020-07-27 00:00:00+00:00,302.7537536621094,323.2200012207031,323.4100036621094,320.7699890136719,321.6300048828125,48293000
2020-07-28 00:00:00+00:00,300.83355712890625,321.1700134277344,323.6400146484375,320.8500061035156,322.42999267578125,57495000
2020-07-29 00:00:00+00:00,304.5334167480469,325.1199951171875,325.7300109863281,322.0799865722656,322.1199951171875,48454200
2020-07-30 00:00:00+00:00,303.44683837890625,323.9599914550781,324.4100036621094,319.6400146484375,321.8999938964844,61861700
2020-07-31 00:00:00+00:00,305.8447570800781,326.5199890136719,326.6300048828125,321.3299865722656,325.8999938964844,84986800
2020-08-03 00:00:00+00:00,307.97113037109375,328.7900085449219,329.6199951171875,327.7300109863281,328.32000732421875,53077900
2020-08-04 00:00:00+00:00,309.16064453125,330.05999755859375,330.05999755859375,327.8599853515625,327.8599853515625,41917900
2020-08-05 00:00:00+00:00,311.0807800292969,332.1099853515625,332.3900146484375,331.17999267578125,331.4700012207031,42697700
2020-08-06 00:00:00+00:00,313.16021728515625,334.3299865722656,334.4599914550781,331.1300048828125,331.4800109863281,43679400
2020-08-07 00:00:00+00:00,313.3850402832031,334.57000732421875,334.8800048828125,332.29998779296875,333.2799987792969,57308300
2020-08-10 00:00:00+00:00,314.32177734375,335.57000732421875,335.7699890136719,332.9599914550781,335.05999755859375,44282100
2020-08-11 00:00:00+00:00,311.7271423339844,332.79998779296875,337.5400085449219,332.010009765625,336.8500061035156,69601100
2020-08-12 00:00:00+00:00,316.0733947753906,337.44000244140625,338.2799987792969,335.4100036621094,335.44000244140625,53774400
2020-08-13 00:00:00+00:00,315.501953125,336.8299865722656,338.25,335.8299865722656,336.6099853515625,41816100
2020-08-14 00:00:00+00:00,315.5113220214844,336.8399963378906,337.4200134277344,335.6199951171875,336.4100036621094,47260400
2020-08-17 00:00:00+00:00,316.5135192871094,337.9100036621094,338.3399963378906,336.8500061035156,337.94000244140625,35481000
2020-08-18 00:00:00+00:00,317.1973571777344,338.6400146484375,339.1000061035156,336.6099853515625,338.3399963378906,38733900
2020-08-19 00:00:00+00:00,315.87664794921875,337.2300109863281,339.6099853515625,336.6199951171875,339.04998779296875,68054200
2020-08-20 00:00:00+00:00,316.8601379394531,338.2799987792969,338.79998779296875,335.2200012207031,335.3599853515625,42207800
2020-08-21 00:00:00+00:00,317.9841003417969,339.4800109863281,339.7200012207031,337.54998779296875,337.9200134277344,55106600
2020-08-24 00:00:00+00:00,321.2063293457031,342.9200134277344,343.0,339.45001220703125,342.1199951171875,48588700
2020-08-25 00:00:00+00:00,322.3303527832031,344.1199951171875,344.2099914550781,342.2699890136719,343.5299987792969,38463400
2020-08-26 00:00:00+00:00,325.5618896484375,347.57000732421875,347.8599853515625,344.1700134277344,344.760009765625,50790200
2020-08-27 00:00:00+00:00,326.2737121582031,348.3299865722656,349.8999938964844,346.5299987792969,348.510009765625,58034100
2020-08-28 00:00:00+00:00,328.3813171386719,350.5799865722656,350.7200012207031,348.1499938964844,349.44000244140625,48588900
2020-08-31 00:00:00+00:00,327.19171142578125,349.30999755859375,351.29998779296875,349.05999755859375,350.3500061035156,66099200
2020-09-01 00:00:00+00:00,330.2733459472656,352.6000061035156,352.7099914550781,349.239990234375,350.2099914550781,54908700
2020-09-02 00:00:00+00:00,335.0505065917969,357.70001220703125,358.75,353.42999267578125,354.6700134277344,69540000
2020-09-03 00:00:00+00:00,323.5199890136719,345.3900146484375,356.3800048828125,342.5899963378906,355.8699951171875,148011100
2020-09-04 00:00:00+00:00,320.8785095214844,342.57000732421875,347.8299865722656,334.8699951171875,346.1300048828125,139156300
2020-09-08 00:00:00+00:00,312.11114501953125,333.2099914550781,342.6400146484375,332.8800048828125,336.7099914550781,114465300
2020-09-09 00:00:00+00:00,318.2745666503906,339.7900085449219,342.4599914550781,336.6099853515625,337.54998779296875,91462300
2020-09-10 00:00:00+00:00,312.74810791015625,333.8900146484375,342.5299987792969,332.8500061035156,341.82000732421875,90569500
2020-09-11 00:00:00+00:00,312.9073181152344,334.05999755859375,336.9700012207031,331.0,335.82000732421875,84680200
2020-09-14 00:00:00+00:00,317.0286560058594,338.4599914550781,340.3800048828125,334.2200012207031,337.489990234375,65605700
2020-09-15 00:00:00+00:00,318.6304626464844,340.1700134277344,342.0199890136719,338.4700012207031,341.1199951171875,52920900
2020-09-16 00:00:00+00:00,317.365966796875,338.82000732421875,343.05999755859375,338.5199890136719,341.510009765625,82096000
2020-09-17 00:00:00+00:00,314.57464599609375,335.8399963378906,337.70001220703125,332.989990234375,333.55999755859375,91523300
2020-09-18 00:00:00+00:00,310.9530334472656,330.6499938964844,335.489990234375,327.9700012207031,335.3699951171875,105877900
2020-09-21 00:00:00+00:00,307.4923095703125,326.9700012207031,327.1300048828125,321.7300109863281,325.70001220703125,99450800
2020-09-22 00:00:00+00:00,310.6238708496094,330.29998779296875,330.8999938964844,325.8599853515625,328.57000732421875,63612100
2020-09-23 00:00:00+00:00,303.4201965332031,322.6400146484375,331.20001220703125,322.1000061035156,330.8999938964844,93112200
2020-09-24 00:00:00+00:00,304.22894287109375,323.5,326.79998779296875,319.79998779296875,321.2200012207031,76681300
2020-09-25 00:00:00+00:00,309.1474304199219,328.7300109863281,329.5799865722656,321.6400146484375,322.5799865722656,71069400
2020-09-28 00:00:00+00:00,314.2821350097656,334.19000244140625,334.9599914550781,332.1499938964844,333.2200012207031,64584600
2020-09-29 00:00:00+00:00,312.5705261230469,332.3699951171875,334.7699890136719,331.6199951171875,333.9700012207031,51304000
2020-09-30 00:00:00+00:00,314.94049072265625,334.8900146484375,338.2900085449219,332.8800048828125,333.0899963378906,104081100
2020-10-01 00:00:00+00:00,316.9623718261719,337.0400085449219,338.739990234375,335.010009765625,337.69000244140625,88698700
2020-10-02 00:00:00+00:00,313.9530029296875,333.8399963378906,337.010009765625,331.19000244140625,331.70001220703125,89431100
2020-10-05 00:00:00+00:00,319.5202941894531,339.760009765625,339.9599914550781,336.010009765625,336.05999755859375,45713100
2020-10-06 00:00:00+00:00,314.97802734375,334.92999267578125,342.1700134277344,334.3800048828125,339.9100036621094,90128900
2020-10-07 00:00:00+00:00,320.4608154296875,340.760009765625,341.6300048828125,338.0899963378906,338.1199951171875,56999600
2020-10-08 00:00:00+00:00,323.3009033203125,343.7799987792969,343.8500061035156,341.8599853515625,342.8500061035156,45242500
2020-10-09 00:00:00+00:00,326.1880187988281,346.8500061035156,347.3500061035156,344.8900146484375,345.55999755859375,59528600
2020-10-12 00:00:00+00:00,331.43560791015625,352.42999267578125,354.0199890136719,349.05999755859375,349.5899963378906,80388500
2020-10-13 00:00:00+00:00,329.2726135253906,350.1300048828125,352.4700012207031,349.0899963378906,352.2799987792969,73255500
2020-10-14 00:00:00+00:00,327.20367431640625,347.92999267578125,351.92999267578125,347.1400146484375,350.75,57727900
2020-10-15 00:00:00+00:00,326.79925537109375,347.5,348.0199890136719,343.1300048828125,343.7099914550781,60357700
2020-10-16 00:00:00+00:00,326.601806640625,347.2900085449219,350.75,347.1000061035156,348.9599914550781,89501900
2020-10-19 00:00:00+00:00,321.6363220214844,342.010009765625,349.3299865722656,341.0400085449219,348.6499938964844,68425600
2020-10-20 00:00:00+00:00,322.9246826171875,343.3800048828125,346.8800048828125,342.6400146484375,343.4599914550781,60051900
2020-10-21 00:00:00+00:00,322.3134765625,342.7300109863281,345.6700134277344,342.3999938964844,343.3299865722656,63575000
2020-10-22 00:00:00+00:00,324.0814208984375,344.6099853515625,345.239990234375,340.6499938964844,342.9599914550781,55399300
2020-10-23 00:00:00+00:00,325.1817626953125,345.7799987792969,345.989990234375,343.1300048828125,345.92999267578125,49143900
2020-10-26 00:00:00+00:00,319.1724548339844,339.3900146484375,342.9800109863281,335.6199951171875,342.1300048828125,91473000
2020-10-27 00:00:00+00:00,318.0721130371094,338.2200012207031,340.1199951171875,337.989990234375,339.760009765625,65994100
2020-10-28 00:00:00+00:00,307.20068359375,326.6600036621094,338.25,326.1300048828125,332.1000061035156,127094300
2020-10-29 00:00:00+00:00,310.3229064941406,329.9800109863281,333.3999938964844,325.0899963378906,326.9100036621094,90597700
2020-10-30 00:00:00+00:00,307.08782958984375,326.5400085449219,329.69000244140625,322.6000061035156,328.2799987792969,120287300
2020-11-02 00:00:00+00:00,310.5298767089844,330.20001220703125,332.3599853515625,327.239990234375,330.20001220703125,86068300
2020-11-03 00:00:00+00:00,316.0125732421875,336.0299987792969,338.25,330.2900085449219,333.69000244140625,93294200
2020-11-04 00:00:00+00:00,323.0751953125,343.5400085449219,347.94000244140625,339.5899963378906,340.8599853515625,126959700
2020-11-05 00:00:00+00:00,329.3760070800781,350.239990234375,352.19000244140625,348.8599853515625,349.239990234375,82039700
2020-11-06 00:00:00+00:00,329.3008117675781,350.1600036621094,351.510009765625,347.6499938964844,349.92999267578125,74973000
2020-11-09 00:00:00+00:00,333.4386901855469,354.55999755859375,364.3800048828125,354.05999755859375,363.9700012207031,172304200
2020-11-10 00:00:00+00:00,332.9496765136719,354.0400085449219,355.17999267578125,350.510009765625,353.489990234375,85552000
2020-11-11 00:00:00+00:00,335.42303466796875,356.6700134277344,357.55999755859375,355.05999755859375,356.3999938964844,58649000
2020-11-12 00:00:00+00:00,332.1691589355469,353.2099914550781,356.7200012207031,351.260009765625,355.5799865722656,67546200
2020-11-13 00:00:00+00:00,336.7678527832031,358.1000061035156,358.8999938964844,354.7099914550781,355.2699890136719,62892200
2020-11-16 00:00:00+00:00,340.97161865234375,362.57000732421875,362.7799987792969,359.5899963378906,360.9800109863281,74541100
2020-11-17 00:00:00+00:00,339.1377258300781,360.6199951171875,361.9200134277344,358.3399963378906,359.9700012207031,66111000
2020-11-18 00:00:00+00:00,335.0562438964844,356.2799987792969,361.5,356.239990234375,360.9100036621094,70591300
2020-11-19 00:00:00+00:00,336.4669189453125,357.7799987792969,358.17999267578125,354.1499938964844,355.6000061035156,59940900
2020-11-20 00:00:00+00:00,334.1628112792969,355.3299865722656,357.7200012207031,355.25,357.5,70417300
2020-11-23 00:00:00+00:00,336.1659240722656,357.4599914550781,358.82000732421875,354.8699951171875,357.2799987792969,63230600
2020-11-24 00:00:00+00:00,341.5827941894531,363.2200012207031,363.80999755859375,359.2900085449219,360.2099914550781,62415900
2020-11-25 00:00:00+00:00,341.0561828613281,362.6600036621094,363.1600036621094,361.4800109863281,363.1300048828125,45330900
2020-11-27 00:00:00+00:00,342.00604248046875,363.6700134277344,364.17999267578125,362.5799865722656,363.8399963378906,28514100
2020-11-30 00:00:00+00:00,340.491943359375,362.05999755859375,363.1199951171875,359.1700134277344,362.8299865722656,83872700
2020-12-01 00:00:00+00:00,344.2160949707031,366.0199890136719,367.67999267578125,364.92999267578125,365.57000732421875,74231400
2020-12-02 00:00:00+00:00,344.9401550292969,366.7900085449219,366.9599914550781,364.20001220703125,364.82000732421875,45927000
2020-12-03 00:00:00+00:00,344.84613037109375,366.69000244140625,368.19000244140625,365.5,366.67999267578125,62882000
2020-12-04 00:00:00+00:00,347.8178405761719,369.8500061035156,369.8500061035156,367.2200012207031,367.32000732421875,50749900
2020-12-07 00:00:00+00:00,347.1031494140625,369.0899963378906,369.6199951171875,367.7200012207031,369.0199890136719,48944300
2020-12-08 00:00:00+00:00,348.11883544921875,370.1700134277344,370.7799987792969,367.6700134277344,367.7200012207031,42458900
2020-12-09 00:00:00+00:00,344.99658203125,366.8500061035156,371.04998779296875,365.95001220703125,370.8800048828125,74098300
2020-12-10 00:00:00+00:00,344.88372802734375,366.7300109863281,367.8599853515625,364.42999267578125,365.3699951171875,57735400
2020-12-11 00:00:00+00:00,344.4793395996094,366.29998779296875,366.739990234375,363.260009765625,364.8999938964844,57698600
2020-12-14 00:00:00+00:00,342.9369812011719,364.6600036621094,369.79998779296875,364.4700012207031,368.6400146484375,69216200
2020-12-15 00:00:00+00:00,347.5733642578125,369.5899963378906,369.5899963378906,365.9200134277344,367.3999938964844,63865300
2020-12-16 00:00:00+00:00,348.11883544921875,370.1700134277344,371.1600036621094,368.8699951171875,369.82000732421875,58420500
2020-12-17 00:00:00+00:00,350.06549072265625,372.239990234375,372.4599914550781,371.04998779296875,371.94000244140625,64119500
2020-12-18 00:00:00+00:00,348.6677551269531,369.17999267578125,371.1499938964844,367.0199890136719,370.9700012207031,136542300
2020-12-21 00:00:00+00:00,347.4210205078125,367.8599853515625,378.4599914550781,362.0299987792969,364.9700012207031,96386700
2020-12-22 00:00:00+00:00,346.8354797363281,367.239990234375,368.3299865722656,366.0299987792969,368.2099914550781,47949000
2020-12-23 00:00:00+00:00,347.1471862792969,367.57000732421875,369.6199951171875,367.2200012207031,368.2799987792969,46201400
2020-12-24 00:00:00+00:00,348.4977111816406,369.0,369.0299987792969,367.45001220703125,368.0799865722656,26457900
2020-12-28 00:00:00+00:00,351.4916076660156,372.1700134277344,372.5899963378906,371.07000732421875,371.739990234375,39000400
2020-12-29 00:00:00+00:00,350.8210754394531,371.4599914550781,374.0,370.8299865722656,373.80999755859375,53680500
2020-12-30 00:00:00+00:00,351.3216247558594,371.989990234375,373.1000061035156,371.57000732421875,372.3399963378906,49455300
2020-12-31 00:00:00+00:00,353.1065979003906,373.8800048828125,374.6600036621094,371.2300109863281,371.7799987792969,78520700
2021-01-04 00:00:00+00:00,348.2994079589844,368.7900085449219,375.45001220703125,364.82000732421875,375.30999755859375,110210800
2021-01-05 00:00:00+00:00,350.6982421875,371.3299865722656,372.5,368.04998779296875,368.1000061035156,66426200
2021-01-06 00:00:00+00:00,352.794921875,373.54998779296875,376.9800109863281,369.1199951171875,369.7099914550781,107997700
2021-01-07 00:00:00+00:00,358.03656005859375,379.1000061035156,379.8999938964844,375.9100036621094,376.1000061035156,68766800
2021-01-08 00:00:00+00:00,360.0765380859375,381.260009765625,381.489990234375,377.1000061035156,380.5899963378906,71677200
2021-01-11 00:00:00+00:00,357.64935302734375,378.69000244140625,380.5799865722656,377.7200012207031,377.8500061035156,51034700
2021-01-12 00:00:00+00:00,357.72491455078125,378.7699890136719,379.8599853515625,376.3599853515625,378.8900146484375,52547700
2021-01-13 00:00:00+00:00,358.6882629394531,379.7900085449219,380.8599853515625,377.8500061035156,378.69000244140625,45303600
2021-01-14 00:00:00+00:00,357.43206787109375,378.4599914550781,381.1300048828125,378.1000061035156,380.5899963378906,49989100
2021-01-15 00:00:00+00:00,354.8254699707031,375.70001220703125,377.5799865722656,373.70001220703125,376.7200012207031,107160000
2021-01-19 00:00:00+00:00,357.611572265625,378.6499938964844,379.2300109863281,376.75,378.3399963378906,51233300
2021-01-20 00:00:00+00:00,362.56036376953125,383.8900146484375,384.7900085449219,380.69000244140625,381.1099853515625,61836100
2021-01-21 00:00:00+00:00,362.89093017578125,384.239990234375,384.95001220703125,383.25,384.489990234375,47840100
2021-01-22 00:00:00+00:00,361.6065368652344,382.8800048828125,384.1300048828125,381.8399963378906,382.25,52860500
2021-01-25 00:00:00+00:00,363.0326843261719,384.3900146484375,384.7699890136719,378.4599914550781,383.6700134277344,70402000
2021-01-26 00:00:00+00:00,362.4659729003906,383.7900085449219,385.8500061035156,383.5400085449219,385.4100036621094,42665300
2021-01-27 00:00:00+00:00,353.60711669921875,374.4100036621094,380.32000732421875,372.010009765625,380.2200012207031,123351100
2021-01-28 00:00:00+00:00,356.6482238769531,377.6300048828125,381.92999267578125,375.8900146484375,376.3599853515625,94198100
2021-01-29 00:00:00+00:00,349.5083312988281,370.07000732421875,376.6700134277344,368.2699890136719,375.6300048828125,126765100
2021-02-01 00:00:00+00:00,355.3260498046875,376.2300109863281,377.3399963378906,370.3800048828125,373.7200012207031,75817600
2021-02-02 00:00:00+00:00,360.35040283203125,381.54998779296875,383.2200012207031,376.32000732421875,379.6499938964844,64450700
2021-02-03 00:00:00+00:00,360.63372802734375,381.8500061035156,383.70001220703125,380.4800109863281,382.44000244140625,52427100
2021-02-04 00:00:00+00:00,364.7326354980469,386.19000244140625,386.239990234375,381.9700012207031,382.9599914550781,47142600
2021-02-05 00:00:00+00:00,366.1680908203125,387.7099914550781,388.4700012207031,386.1400146484375,388.20001220703125,48669800
2021-02-08 00:00:00+00:00,368.8125915527344,390.510009765625,390.55999755859375,388.3500061035156,389.2699890136719,38365200
2021-02-09 00:00:00+00:00,368.5670471191406,390.25,390.8900146484375,389.1700134277344,389.6099853515625,35551100
2021-02-10 00:00:00+00:00,368.406494140625,390.0799865722656,392.2799987792969,387.5,392.1199951171875,59154400
2021-02-11 00:00:00+00:00,369.0014953613281,390.7099914550781,391.69000244140625,388.1000061035156,391.239990234375,42913300
2021-02-12 00:00:00+00:00,370.82421875,392.6400146484375,392.8999938964844,389.7699890136719,389.8500061035156,50593300
2021-02-16 00:00:00+00:00,370.503173828125,392.29998779296875,394.1700134277344,391.5299987792969,393.9599914550781,50972400
2021-02-17 00:00:00+00:00,370.588134765625,392.3900146484375,392.6600036621094,389.3299865722656,390.4200134277344,52290600
2021-02-18 00:00:00+00:00,369.010986328125,390.7200012207031,391.5199890136719,387.739990234375,389.5899963378906,59712800
2021-02-19 00:00:00+00:00,368.3592529296875,390.0299987792969,392.3800048828125,389.54998779296875,392.07000732421875,83241000
2021-02-22 00:00:00+00:00,365.5259094238281,387.0299987792969,389.6199951171875,386.739990234375,387.05999755859375,67414200
2021-02-23 00:00:00+00:00,365.9698486328125,387.5,388.95001220703125,380.20001220703125,384.6600036621094,107284100
2021-02-24 00:00:00+00:00,370.0025634765625,391.7699890136719,392.2300109863281,385.2699890136719,386.3299865722656,72433900
2021-02-25 00:00:00+00:00,361.0871276855469,382.3299865722656,391.8800048828125,380.7799987792969,390.4100036621094,146670500
2021-02-26 00:00:00+00:00,359.2265319824219,380.3599853515625,385.5799865722656,378.2300109863281,384.3500061035156,152701600
2021-03-01 00:00:00+00:00,367.9342956542969,389.5799865722656,390.9200134277344,380.57000732421875,385.5899963378906,105348800
2021-03-02 00:00:00+00:00,365.06317138671875,386.5400085449219,390.07000732421875,386.0,389.82000732421875,79595300
2021-03-03 00:00:00+00:00,360.2275390625,381.4200134277344,386.8299865722656,381.30999755859375,385.7900085449219,119940200
2021-03-04 00:00:00+00:00,355.7699279785156,376.70001220703125,384.0,371.8800048828125,381.2200012207031,183433000
2021-03-05 00:00:00+00:00,362.31488037109375,383.6300048828125,384.760009765625,372.6400146484375,380.4599914550781,152039600
2021-03-08 00:00:00+00:00,360.510986328125,381.7200012207031,387.67999267578125,381.4200134277344,384.6600036621094,123149200
2021-03-09 00:00:00+00:00,365.6581726074219,387.1700134277344,389.9100036621094,385.30999755859375,385.8500061035156,113633600
2021-03-10 00:00:00+00:00,367.9342956542969,389.5799865722656,391.3999938964844,388.1700134277344,389.69000244140625,109899400
2021-03-11 00:00:00+00:00,371.664794921875,393.5299987792969,395.6499938964844,391.739990234375,392.2300109863281,86245000
2021-03-12 00:00:00+00:00,372.1653747558594,394.05999755859375,394.2099914550781,391.20001220703125,392.07000732421875,64653600
2021-03-15 00:00:00+00:00,374.38482666015625,396.4100036621094,396.69000244140625,392.0299987792969,394.3299865722656,73427200
2021-03-16 00:00:00+00:00,373.91253662109375,395.9100036621094,397.8299865722656,395.0799865722656,397.07000732421875,73722500
2021-03-17 00:00:00+00:00,375.18756103515625,397.260009765625,398.1199951171875,393.29998779296875,394.5299987792969,97959300
2021-03-18 00:00:00+00:00,369.72869873046875,391.4800109863281,396.7200012207031,390.75,394.4800109863281,115349100
2021-03-19 00:00:00+00:00,369.0445556640625,389.4800109863281,391.57000732421875,387.1499938964844,389.8800048828125,113624500
2021-03-22 00:00:00+00:00,371.9914245605469,392.5899963378906,394.07000732421875,389.9700012207031,390.0299987792969,73778600
2021-03-23 00:00:00+00:00,369.06353759765625,389.5,393.4599914550781,388.6600036621094,391.9100036621094,90686600
2021-03-24 00:00:00+00:00,367.1873779296875,387.5199890136719,392.75,387.4700012207031,391.0,97588600
2021-03-25 00:00:00+00:00,369.2530517578125,389.70001220703125,390.54998779296875,383.8999938964844,385.9800109863281,116128600
2021-03-26 00:00:00+00:00,375.20355224609375,395.9800109863281,396.4100036621094,390.2900085449219,390.92999267578125,114409100
2021-03-29 00:00:00+00:00,375.0140075683594,395.7799987792969,396.75,392.80999755859375,394.3999938964844,108107600
2021-03-30 00:00:00+00:00,374.0191650390625,394.7300109863281,395.45001220703125,393.0199890136719,394.4200134277344,76262200
2021-03-31 00:00:00+00:00,375.53515625,396.3299865722656,398.0,395.30999755859375,395.3399963378906,112734200
2021-04-01 00:00:00+00:00,379.5906066894531,400.6099853515625,400.6700134277344,398.17999267578125,398.3999938964844,99682900
2021-04-05 00:00:00+00:00,385.03887939453125,406.3599853515625,406.94000244140625,403.3800048828125,403.4599914550781,91684800
2021-04-06 00:00:00+00:00,384.8115234375,406.1199951171875,407.239990234375,405.3999938964844,405.760009765625,62021000
2021-04-07 00:00:00+00:00,385.2568359375,406.5899963378906,406.9599914550781,405.45001220703125,405.94000244140625,55836300
2021-04-08 00:00:00+00:00,387.0855407714844,408.5199890136719,408.5799865722656,406.92999267578125,407.92999267578125,57863100
2021-04-09 00:00:00+00:00,389.8998107910156,411.489990234375,411.6700134277344,408.260009765625,408.3900146484375,61104600
2021-04-12 00:00:00+00:00,390.0419006347656,411.6400146484375,411.92999267578125,410.20001220703125,410.8500061035156,56704900
2021-04-13 00:00:00+00:00,391.1979064941406,412.8599853515625,413.5299987792969,411.1199951171875,411.5299987792969,56551000
2021-04-14 00:00:00+00:00,389.8619079589844,411.45001220703125,413.9599914550781,410.8699951171875,412.8299865722656,61659900
2021-04-15 00:00:00+00:00,394.0499267578125,415.8699951171875,416.1600036621094,413.69000244140625,413.739990234375,60229800
2021-04-16 00:00:00+00:00,395.36700439453125,417.260009765625,417.9100036621094,415.7300109863281,417.25,82037300
2021-04-19 00:00:00+00:00,393.4245910644531,415.2099914550781,416.739990234375,413.7900085449219,416.260009765625,78498500
2021-04-20 00:00:00+00:00,390.5440368652344,412.1700134277344,415.0899963378906,410.5899963378906,413.9100036621094,81851800
2021-04-21 00:00:00+00:00,394.23944091796875,416.07000732421875,416.2900085449219,411.3599853515625,411.510009765625,66793000
2021-04-22 00:00:00+00:00,390.63885498046875,412.2699890136719,416.7799987792969,411.1300048828125,415.8900146484375,97582800
2021-04-23 00:00:00+00:00,394.8742980957031,416.739990234375,418.25,412.7900085449219,412.8699951171875,73209200
2021-04-26 00:00:00+00:00,395.69866943359375,417.6099853515625,418.2200012207031,416.80999755859375,417.44000244140625,52182400
2021-04-27 00:00:00+00:00,395.6133728027344,417.5199890136719,418.1400146484375,416.29998779296875,417.92999267578125,51303100
2021-04-28 00:00:00+00:00,395.4996643066406,417.3999938964844,419.010009765625,416.8999938964844,417.80999755859375,51238900
2021-04-29 00:00:00+00:00,398.0201416015625,420.05999755859375,420.7200012207031,416.44000244140625,420.32000732421875,78544300
2021-04-30 00:00:00+00:00,395.4049072265625,417.29998779296875,418.5400085449219,416.3399963378906,417.6300048828125,85527000
2021-05-03 00:00:00+00:00,396.2576599121094,418.20001220703125,419.8399963378906,417.6700134277344,419.42999267578125,68128300
2021-05-04 00:00:00+00:00,393.81304931640625,415.6199951171875,416.6000061035156,411.6700134277344,416.07000732421875,101591200
2021-05-05 00:00:00+00:00,393.93621826171875,415.75,417.6300048828125,415.1499938964844,417.3800048828125,60162200
2021-05-06 00:00:00+00:00,397.0821228027344,419.07000732421875,419.2099914550781,413.67999267578125,415.8299865722656,74321400
2021-05-07 00:00:00+00:00,399.9720153808594,422.1199951171875,422.82000732421875,419.1600036621094,419.8900146484375,67733800
2021-05-10 00:00:00+00:00,396.0113830566406,417.94000244140625,422.739990234375,417.80999755859375,422.5,81852400
2021-05-11 00:00:00+00:00,392.47705078125,414.2099914550781,415.2699890136719,410.05999755859375,413.1000061035156,116888000
2021-05-12 00:00:00+00:00,384.1388244628906,405.4100036621094,412.5899963378906,404.0,411.2300109863281,134811000
2021-05-13 00:00:00+00:00,388.75323486328125,410.2799987792969,412.3500061035156,407.0199890136719,407.07000732421875,106394000
2021-05-14 00:00:00+00:00,394.72271728515625,416.5799865722656,417.489990234375,413.17999267578125,413.2099914550781,82201600
2021-05-17 00:00:00+00:00,393.71832275390625,415.5199890136719,416.3900146484375,413.3599853515625,415.3900146484375,65129200
2021-05-18 00:00:00+00:00,390.3261413574219,411.94000244140625,416.05999755859375,411.7699890136719,415.79998779296875,59810200
2021-05-19 00:00:00+00:00,389.3028259277344,410.8599853515625,411.04998779296875,405.3299865722656,406.9200134277344,106467100
2021-05-20 00:00:00+00:00,393.49090576171875,415.2799987792969,416.6300048828125,411.6700134277344,411.79998779296875,78022200
2021-05-21 00:00:00+00:00,393.1687927246094,414.94000244140625,418.20001220703125,414.45001220703125,416.8699951171875,76578700
2021-05-24 00:00:00+00:00,397.17681884765625,419.1700134277344,420.32000732421875,417.0799865722656,417.3399963378906,51376700
2021-05-25 00:00:00+00:00,396.2955627441406,418.239990234375,420.7099914550781,417.6199951171875,420.3299865722656,57451400
2021-05-26 00:00:00+00:00,397.0821228027344,419.07000732421875,419.6099853515625,417.760009765625,418.8699951171875,43088600
2021-05-27 00:00:00+00:00,397.29052734375,419.2900085449219,420.7200012207031,418.989990234375,420.1700134277344,56707700
2021-05-28 00:00:00+00:00,398.0011901855469,420.0400085449219,421.25,419.7900085449219,420.9700012207031,58520200
2021-06-01 00:00:00+00:00,397.650634765625,419.6700134277344,422.7200012207031,419.20001220703125,422.57000732421875,54216600
2021-06-02 00:00:00+00:00,398.2759704589844,420.3299865722656,421.2300109863281,419.2900085449219,420.3699951171875,49097100
2021-06-03 00:00:00+00:00,396.79779052734375,418.7699890136719,419.989990234375,416.2799987792969,417.8500061035156,58138800
2021-06-04 00:00:00+00:00,400.4269104003906,422.6000061035156,422.9200134277344,418.8399963378906,420.75,55938800
2021-06-07 00:00:00+00:00,400.0384216308594,422.19000244140625,422.7799987792969,421.19000244140625,422.5899963378906,51555000
2021-06-08 00:00:00+00:00,400.1236267089844,422.2799987792969,423.2099914550781,420.32000732421875,423.1099853515625,47134300
2021-06-09 00:00:00+00:00,399.5267028808594,421.6499938964844,423.260009765625,421.4100036621094,423.17999267578125,48436300
2021-06-10 00:00:00+00:00,401.38385009765625,423.6099853515625,424.6300048828125,421.54998779296875,422.9599914550781,51020100
2021-06-11 00:00:00+00:00,402.0471496582031,424.30999755859375,424.42999267578125,422.82000732421875,424.20001220703125,45570800
2021-06-14 00:00:00+00:00,402.947265625,425.260009765625,425.3699951171875,423.1000061035156,424.42999267578125,42358500
2021-06-15 00:00:00+00:00,402.2081298828125,424.4800109863281,425.4599914550781,423.5400085449219,425.4200134277344,51508500
2021-06-16 00:00:00+00:00,399.9625244140625,422.1099853515625,424.8699951171875,419.9200134277344,424.6300048828125,80386100
2021-06-17 00:00:00+00:00,399.82989501953125,421.9700012207031,423.0199890136719,419.32000732421875,421.6700134277344,90949700
2021-06-18 00:00:00+00:00,394.4360656738281,414.9200134277344,417.8299865722656,414.70001220703125,417.0899963378906,118676300
2021-06-21 00:00:00+00:00,400.0827331542969,420.8599853515625,421.05999755859375,415.92999267578125,416.79998779296875,72822000
2021-06-22 00:00:00+00:00,402.22174072265625,423.1099853515625,424.0,420.0799865722656,420.8500061035156,57700300
2021-06-23 00:00:00+00:00,401.7369384765625,422.6000061035156,424.04998779296875,422.510009765625,423.19000244140625,49445400
2021-06-24 00:00:00+00:00,404.1134948730469,425.1000061035156,425.54998779296875,424.6199951171875,424.8900146484375,45110300
2021-06-25 00:00:00+00:00,405.54888916015625,426.6099853515625,427.0899963378906,425.54998779296875,425.8999938964844,58129500
2021-06-28 00:00:00+00:00,406.366455078125,427.4700012207031,427.6499938964844,425.8900146484375,427.1700134277344,53159600
2021-06-29 00:00:00+00:00,406.58514404296875,427.70001220703125,428.55999755859375,427.1300048828125,427.8800048828125,35970500
2021-06-30 00:00:00+00:00,406.9272766113281,428.05999755859375,428.7799987792969,427.17999267578125,427.2099914550781,64827900
2021-07-01 00:00:00+00:00,409.1803283691406,430.42999267578125,430.6000061035156,428.79998779296875,428.8699951171875,53441000
2021-07-02 00:00:00+00:00,412.30792236328125,433.7200012207031,434.1000061035156,430.5199890136719,431.6700134277344,57697700
2021-07-06 00:00:00+00:00,411.556884765625,432.92999267578125,434.010009765625,430.010009765625,433.7799987792969,68710400
2021-07-07 00:00:00+00:00,413.01129150390625,434.4599914550781,434.760009765625,431.510009765625,433.6600036621094,63549500
2021-07-08 00:00:00+00:00,409.6461181640625,430.9200134277344,431.7300109863281,427.5199890136719,428.7799987792969,97595200
2021-07-09 00:00:00+00:00,414.01904296875,435.5199890136719,435.8399963378906,430.7099914550781,432.5299987792969,76238600
2021-07-12 00:00:00+00:00,415.50201416015625,437.0799865722656,437.3500061035156,434.9700012207031,435.42999267578125,52889600
2021-07-13 00:00:00+00:00,414.0855712890625,435.5899963378906,437.8399963378906,435.30999755859375,436.239990234375,52911300
2021-07-14 00:00:00+00:00,414.7034912109375,436.239990234375,437.9200134277344,434.9100036621094,437.3999938964844,64130400
2021-07-15 00:00:00+00:00,413.28704833984375,434.75,435.5299987792969,432.7200012207031,434.80999755859375,55126400
2021-07-16 00:00:00+00:00,410.04541015625,431.3399963378906,436.05999755859375,430.9200134277344,436.010009765625,75874700
2021-07-19 00:00:00+00:00,403.9898681640625,424.9700012207031,431.4100036621094,421.9700012207031,426.19000244140625,147987000
2021-07-20 00:00:00+00:00,409.7792053222656,431.05999755859375,432.4200134277344,424.8299865722656,425.67999267578125,99608200
2021-07-21 00:00:00+00:00,413.0968933105469,434.54998779296875,434.70001220703125,431.010009765625,432.3399963378906,64724400
2021-07-22 00:00:00+00:00,413.9620056152344,435.4599914550781,435.7200012207031,433.69000244140625,434.739990234375,47878500
2021-07-23 00:00:00+00:00,418.2208251953125,439.94000244140625,440.29998779296875,436.7900085449219,437.5199890136719,63766600
2021-07-26 00:00:00+00:00,419.2474670410156,441.0199890136719,441.0299987792969,439.260009765625,439.30999755859375,43719200
2021-07-27 00:00:00+00:00,417.3367614746094,439.010009765625,439.94000244140625,435.989990234375,439.9100036621094,67397100
2021-07-28 00:00:00+00:00,417.16558837890625,438.8299865722656,440.29998779296875,437.30999755859375,439.67999267578125,52472400
2021-07-29 00:00:00+00:00,418.8957214355469,440.6499938964844,441.79998779296875,439.80999755859375,439.82000732421875,47435300
2021-07-30 00:00:00+00:00,416.8614196777344,438.510009765625,440.05999755859375,437.7699890136719,437.9100036621094,68951200
2021-08-02 00:00:00+00:00,415.9868469238281,437.5899963378906,440.92999267578125,437.2099914550781,440.3399963378906,58783300
2021-08-03 00:00:00+00:00,419.3710632324219,441.1499938964844,441.2799987792969,436.1000061035156,438.44000244140625,58053900
2021-08-04 00:00:00+00:00,417.3082580566406,438.9800109863281,441.1199951171875,438.7300109863281,439.7799987792969,46732200
2021-08-05 00:00:00+00:00,419.950927734375,441.760009765625,441.8500061035156,439.8800048828125,440.2200012207031,38969700
2021-08-06 00:00:00+00:00,420.6448974609375,442.489990234375,442.94000244140625,441.79998779296875,442.1000061035156,46930000
2021-08-09 00:00:00+00:00,420.3027038574219,442.1300048828125,442.79998779296875,441.30999755859375,442.4599914550781,41222600
2021-08-10 00:00:00+00:00,420.82550048828125,442.67999267578125,443.44000244140625,441.8800048828125,442.6099853515625,43339300
2021-08-11 00:00:00+00:00,421.8712463378906,443.7799987792969,443.8800048828125,442.6199951171875,443.82000732421875,44034300
2021-08-12 00:00:00+00:00,423.1355285644531,445.1099853515625,445.260009765625,442.6600036621094,443.6199951171875,38909400
2021-08-13 00:00:00+00:00,423.90557861328125,445.9200134277344,445.94000244140625,445.07000732421875,445.5899963378906,39470300
2021-08-16 00:00:00+00:00,424.90374755859375,446.9700012207031,447.1099853515625,442.8699951171875,444.5299987792969,73740000
2021-08-17 00:00:00+00:00,422.1184387207031,444.0400085449219,444.9599914550781,440.8500061035156,444.239990234375,92673900
2021-08-18 00:00:00+00:00,417.49835205078125,439.17999267578125,444.6300048828125,438.9200134277344,442.9599914550781,89351900
2021-08-19 00:00:00+00:00,418.1447448730469,439.8599853515625,441.1400146484375,436.1199951171875,436.2699890136719,92812200
2021-08-20 00:00:00+00:00,421.4719543457031,443.3599853515625,443.7099914550781,439.7099914550781,440.2300109863281,72008700
2021-08-23 00:00:00+00:00,425.179443359375,447.260009765625,448.2300109863281,443.44000244140625,445.1600036621094,54973000
2021-08-24 00:00:00+00:00,425.8543395996094,447.9700012207031,448.5400085449219,447.4200134277344,447.9700012207031,38744700
2021-08-25 00:00:00+00:00,426.74798583984375,448.9100036621094,449.4599914550781,447.7699890136719,448.1700134277344,40529700
2021-08-26 00:00:00+00:00,424.2287902832031,446.260009765625,448.8599853515625,446.1600036621094,448.6099853515625,57829600
2021-08-27 00:00:00+00:00,428.0218505859375,450.25,450.6499938964844,447.05999755859375,447.1199951171875,77235100
2021-08-30 00:00:00+00:00,429.90411376953125,452.2300109863281,453.07000732421875,450.7099914550781,450.9700012207031,48357400
2021-08-31 00:00:00+00:00,429.26715087890625,451.55999755859375,452.489990234375,450.9200134277344,452.1300048828125,59300200
2021-09-01 00:00:00+00:00,429.4953308105469,451.79998779296875,453.1099853515625,451.54998779296875,452.55999755859375,48721400
2021-09-02 00:00:00+00:00,430.81671142578125,453.19000244140625,454.04998779296875,451.9100036621094,453.32000732421875,42501000
2021-09-03 00:00:00+00:00,430.7120666503906,453.0799865722656,453.6300048828125,451.54998779296875,451.9800109863281,47170500
2021-09-07 00:00:00+00:00,429.17205810546875,451.4599914550781,452.80999755859375,450.739990234375,452.7099914550781,51671500
2021-09-08 00:00:00+00:00,428.64923095703125,450.9100036621094,451.6700134277344,448.8599853515625,450.8900146484375,56181900
2021-09-09 00:00:00+00:00,426.8145446777344,448.9800109863281,452.57000732421875,448.7200012207031,450.70001220703125,57970400
2021-09-10 00:00:00+00:00,423.4493103027344,445.44000244140625,451.489990234375,445.30999755859375,451.0400085449219,89948200
2021-09-13 00:00:00+00:00,424.53302001953125,446.5799865722656,448.9200134277344,444.1099853515625,448.6400146484375,83738600
2021-09-14 00:00:00+00:00,422.2420349121094,444.1700134277344,448.3399963378906,443.2200012207031,448.1199951171875,78197100
2021-09-15 00:00:00+00:00,425.7688293457031,447.8800048828125,448.4100036621094,443.44000244140625,444.6199951171875,78792200
2021-09-16 00:00:00+00:00,425.0938415527344,447.1700134277344,448.3599853515625,444.0199890136719,447.32000732421875,77786700
2021-09-17 00:00:00+00:00,420.9530334472656,441.3999938964844,445.3699951171875,441.0199890136719,444.9200134277344,118425000
2021-09-20 00:00:00+00:00,413.9339904785156,434.0400085449219,436.55999755859375,428.8599853515625,434.8800048828125,166445500
2021-09-21 00:00:00+00:00,413.54296875,433.6300048828125,437.9100036621094,433.07000732421875,436.5299987792969,92526100
2021-09-22 00:00:00+00:00,417.5769958496094,437.8599853515625,440.0299987792969,433.75,436.04998779296875,102350100
2021-09-23 00:00:00+00:00,422.6505126953125,443.17999267578125,444.8900146484375,439.6000061035156,439.8500061035156,76396000
2021-09-24 00:00:00+00:00,423.34674072265625,443.9100036621094,444.6700134277344,441.2099914550781,441.44000244140625,62094800
2021-09-27 00:00:00+00:00,422.1356506347656,442.6400146484375,444.04998779296875,441.8999938964844,442.80999755859375,61371100
2021-09-28 00:00:00+00:00,413.6287841796875,433.7200012207031,440.0400085449219,432.94000244140625,439.69000244140625,130436300
2021-09-29 00:00:00+00:00,414.32501220703125,434.45001220703125,437.0400085449219,433.8500061035156,435.19000244140625,82329200
2021-09-30 00:00:00+00:00,409.26092529296875,429.1400146484375,436.7699890136719,428.7799987792969,436.0199890136719,140506000
2021-10-01 00:00:00+00:00,414.1246643066406,434.239990234375,436.0299987792969,427.2300109863281,430.9800109863281,129240100
2021-10-04 00:00:00+00:00,408.78411865234375,428.6400146484375,433.9599914550781,426.3599853515625,433.0,128570000
2021-10-05 00:00:00+00:00,413.0374450683594,433.1000061035156,435.489990234375,429.3900146484375,430.239990234375,90682500
2021-10-06 00:00:00+00:00,414.7541198730469,434.8999938964844,435.1199951171875,427.5400085449219,429.2699890136719,113032200
2021-10-07 00:00:00+00:00,418.3399353027344,438.6600036621094,441.67999267578125,438.20001220703125,438.3900146484375,72437500
2021-10-08 00:00:00+00:00,417.5769958496094,437.8599853515625,439.8900146484375,437.19000244140625,439.4800109863281,74557400
2021-10-11 00:00:00+00:00,414.5538330078125,434.69000244140625,440.260009765625,434.6199951171875,437.1600036621094,65233300
2021-10-12 00:00:00+00:00,413.5334167480469,433.6199951171875,436.1000061035156,432.7799987792969,435.6700134277344,71181200
2021-10-13 00:00:00+00:00,415.0211486816406,435.17999267578125,436.04998779296875,431.5400085449219,434.7099914550781,72974000
2021-10-14 00:00:00+00:00,422.0020446777344,442.5,442.6600036621094,438.5799865722656,439.0799865722656,70236800
2021-10-15 00:00:00+00:00,425.21588134765625,445.8699951171875,446.260009765625,444.0899963378906,444.75,66260200
2021-10-18 00:00:00+00:00,426.47479248046875,447.19000244140625,447.54998779296875,443.2699890136719,443.9700012207031,62213200
2021-10-19 00:00:00+00:00,429.76507568359375,450.6400146484375,450.7099914550781,448.2699890136719,448.9200134277344,46996800
2021-10-20 00:00:00+00:00,431.4530334472656,452.4100036621094,452.7300109863281,451.010009765625,451.1300048828125,49571600
2021-10-21 00:00:00+00:00,432.5783386230469,453.5899963378906,453.8299865722656,451.30999755859375,451.7699890136719,41305400
2021-10-22 00:00:00+00:00,432.130126953125,453.1199951171875,454.6700134277344,451.04998779296875,453.1300048828125,58845100
2021-10-25 00:00:00+00:00,434.44757080078125,455.54998779296875,455.8999938964844,452.3900146484375,454.2799987792969,45214500
2021-10-26 00:00:00+00:00,434.83856201171875,455.9599914550781,458.489990234375,455.55999755859375,457.20001220703125,56075100
2021-10-27 00:00:00+00:00,432.912109375,453.94000244140625,457.1600036621094,453.8599853515625,456.45001220703125,72438000
2021-10-28 00:00:00+00:00,437.0892333984375,458.32000732421875,458.3999938964844,455.45001220703125,455.4599914550781,51437900
2021-10-29 00:00:00+00:00,437.97613525390625,459.25,459.55999755859375,455.55999755859375,455.8699951171875,70162400
2021-11-01 00:00:00+00:00,438.72955322265625,460.0400085449219,460.70001220703125,458.20001220703125,460.29998779296875,48433600
2021-11-02 00:00:00+00:00,440.5033874511719,461.8999938964844,462.2300109863281,460.0799865722656,460.2200012207031,48908400
2021-11-03 00:00:00+00:00,443.1927795410156,464.7200012207031,465.1499938964844,460.8299865722656,461.29998779296875,52509800
2021-11-04 00:00:00+00:00,445.2813720703125,466.9100036621094,467.0,464.989990234375,465.3599853515625,52847100
2021-11-05 00:00:00+00:00,446.8262939453125,468.5299987792969,470.6499938964844,466.9200134277344,469.2799987792969,66390600
2021-11-08 00:00:00+00:00,447.2077331542969,468.92999267578125,470.2300109863281,468.20001220703125,469.70001220703125,50405200
2021-11-09 00:00:00+00:00,445.72955322265625,467.3800048828125,469.57000732421875,465.8800048828125,469.32000732421875,51149100
2021-11-10 00:00:00+00:00,442.14373779296875,463.6199951171875,467.3800048828125,462.0400085449219,465.5799865722656,69429700
2021-11-11 00:00:00+00:00,442.2868347167969,463.7699890136719,465.2900085449219,463.75,465.2099914550781,34848500
2021-11-12 00:00:00+00:00,445.62469482421875,467.2699890136719,467.8599853515625,464.1099853515625,465.1199951171875,53466700
2021-11-15 00:00:00+00:00,445.7772521972656,467.42999267578125,468.80999755859375,466.2300109863281,468.6400146484375,46980500
2021-11-16 00:00:00+00:00,447.54156494140625,469.2799987792969,470.489990234375,467.07000732421875,467.1499938964844,48857500
2021-11-17 00:00:00+00:00,446.4543762207031,468.1400146484375,469.19000244140625,467.4800109863281,469.0,47858300
2021-11-18 00:00:00+00:00,447.97076416015625,469.7300109863281,470.010009765625,466.3399963378906,469.239990234375,50625600
2021-11-19 00:00:00+00:00,447.1695861816406,468.8900146484375,470.94000244140625,468.5,469.6099853515625,57315600
2021-11-22 00:00:00+00:00,445.9107666015625,467.57000732421875,473.5400085449219,467.3500061035156,470.8900146484375,72762000
2021-11-23 00:00:00+00:00,446.5020446777344,468.19000244140625,469.1000061035156,464.45001220703125,467.2200012207031,73206500
2021-11-24 00:00:00+00:00,447.69415283203125,469.44000244140625,469.57000732421875,465.19000244140625,466.05999755859375,61858800
2021-11-26 00:00:00+00:00,437.70916748046875,458.9700012207031,463.8999938964844,457.7699890136719,462.3399963378906,112669600
2021-11-29 00:00:00+00:00,443.0783386230469,464.6000061035156,466.55999755859375,461.7300109863281,464.07000732421875,86268800
2021-11-30 00:00:00+00:00,434.4571228027344,455.55999755859375,464.0299987792969,455.29998779296875,462.0,148559600
2021-12-01 00:00:00+00:00,429.6314697265625,450.5,464.6700134277344,450.2900085449219,461.6400146484375,131939200
2021-12-02 00:00:00+00:00,436.2118835449219,457.3999938964844,459.07000732421875,450.30999755859375,450.7300109863281,127637800
2021-12-03 00:00:00+00:00,432.4162292480469,453.4200134277344,460.29998779296875,448.9200134277344,459.1700134277344,137331600
2021-12-06 00:00:00+00:00,437.5375061035156,458.7900085449219,460.7900085449219,453.55999755859375,456.1300048828125,98977500
2021-12-07 00:00:00+00:00,446.5878601074219,468.2799987792969,468.8800048828125,458.6499938964844,464.4100036621094,95484700
2021-12-08 00:00:00+00:00,447.7704162597656,469.5199890136719,470.0,466.8299865722656,468.70001220703125,72238800
2021-12-09 00:00:00+00:00,444.74725341796875,466.3500061035156,469.6300048828125,466.1400146484375,468.1499938964844,61272600
2021-12-10 00:00:00+00:00,448.933837890625,470.739990234375,470.8999938964844,466.510009765625,469.2300109863281,77159800
2021-12-13 00:00:00+00:00,444.95709228515625,466.57000732421875,470.55999755859375,466.2699890136719,470.19000244140625,87724700
2021-12-14 00:00:00+00:00,441.8957214355469,463.3599853515625,465.739990234375,460.25,463.0899963378906,97264100
2021-12-15 00:00:00+00:00,448.80047607421875,470.6000061035156,470.8599853515625,460.739990234375,463.4200134277344,116899300
2021-12-16 00:00:00+00:00,444.8426818847656,466.45001220703125,472.8699951171875,464.79998779296875,472.57000732421875,116568600
2021-12-17 00:00:00+00:00,440.10821533203125,459.8699951171875,464.739990234375,458.05999755859375,461.54998779296875,135511600
2021-12-20 00:00:00+00:00,435.4283447265625,454.9800109863281,455.3999938964844,451.1400146484375,454.4800109863281,107134800
2021-12-21 00:00:00+00:00,443.1611633300781,463.05999755859375,463.2099914550781,456.30999755859375,458.6099853515625,69806300
2021-12-22 00:00:00+00:00,447.5921936035156,467.69000244140625,467.80999755859375,462.5799865722656,462.7900085449219,58890200
2021-12-23 00:00:00+00:00,450.3772277832031,470.6000061035156,472.19000244140625,468.6400146484375,468.75,56439700
2021-12-27 00:00:00+00:00,456.7509460449219,477.260009765625,477.30999755859375,472.010009765625,472.05999755859375,56808600
2021-12-28 00:00:00+00:00,456.377685546875,476.8699951171875,478.80999755859375,476.05999755859375,477.7200012207031,47274600
2021-12-29 00:00:00+00:00,456.9614562988281,477.4800109863281,478.55999755859375,475.9200134277344,476.9800109863281,54503000
2021-12-30 00:00:00+00:00,455.6982421875,476.1600036621094,479.0,475.6700134277344,477.92999267578125,55329000
2021-12-31 00:00:00+00:00,454.5497741699219,474.9599914550781,476.8599853515625,474.6700134277344,475.6400146484375,65237400
2022-01-03 00:00:00+00:00,457.181640625,477.7099914550781,477.8500061035156,473.8500061035156,476.29998779296875,72668200
2022-01-04 00:00:00+00:00,457.0284118652344,477.54998779296875,479.9800109863281,475.5799865722656,479.2200012207031,71178700
2022-01-05 00:00:00+00:00,448.2525329589844,468.3800048828125,477.9800109863281,468.2799987792969,477.1600036621094,104538900
2022-01-06 00:00:00+00:00,447.8314208984375,467.94000244140625,470.82000732421875,465.42999267578125,467.8900146484375,86858900
2022-01-07 00:00:00+00:00,446.0609130859375,466.0899963378906,469.20001220703125,464.6499938964844,467.95001220703125,85111600
2022-01-10 00:00:00+00:00,445.5058898925781,465.510009765625,465.739990234375,456.6000061035156,462.70001220703125,119362000
2022-01-11 00:00:00+00:00,449.5636901855469,469.75,469.8500061035156,462.04998779296875,465.2300109863281,74303100
2022-01-12 00:00:00+00:00,450.7790832519531,471.0199890136719,473.20001220703125,468.94000244140625,471.5899963378906,67605400
2022-01-13 00:00:00+00:00,444.5679626464844,464.5299987792969,472.8800048828125,463.44000244140625,472.19000244140625,91173100
2022-01-14 00:00:00+00:00,444.7498474121094,464.7200012207031,465.0899963378906,459.8999938964844,461.19000244140625,95890900
2022-01-18 00:00:00+00:00,436.8735046386719,456.489990234375,459.9599914550781,455.30999755859375,459.739990234375,109709100
2022-01-19 00:00:00+00:00,432.337158203125,451.75,459.6099853515625,451.4599914550781,458.1300048828125,109357600
2022-01-20 00:00:00+00:00,427.5520324707031,446.75,458.739990234375,444.5,453.75,122379700
2022-01-21 00:00:00+00:00,419.1589050292969,437.9800109863281,448.05999755859375,437.95001220703125,445.55999755859375,202271200
2022-01-24 00:00:00+00:00,420.93896484375,439.8399963378906,440.3800048828125,420.760009765625,432.0299987792969,251783900
2022-01-25 00:00:00+00:00,415.7997131347656,434.4700012207031,439.7200012207031,427.1499938964844,433.05999755859375,167997300
2022-01-26 00:00:00+00:00,414.7565612792969,433.3800048828125,444.0400085449219,428.8599853515625,440.7200012207031,186391100
2022-01-27 00:00:00+00:00,412.7084655761719,431.239990234375,441.5899963378906,429.45001220703125,438.260009765625,149878300
2022-01-28 00:00:00+00:00,422.9583435058594,441.95001220703125,442.0,427.82000732421875,432.67999267578125,164457400
2022-01-31 00:00:00+00:00,430.57623291015625,449.9100036621094,450.2799987792969,439.80999755859375,441.239990234375,152251400
2022-02-01 00:00:00+00:00,433.4855651855469,452.95001220703125,453.6300048828125,446.94000244140625,450.67999267578125,123155400
2022-02-02 00:00:00+00:00,437.6965026855469,457.3500061035156,458.1199951171875,453.04998779296875,455.5,117361000
2022-02-03 00:00:00+00:00,427.408447265625,446.6000061035156,452.9700012207031,445.7099914550781,450.95001220703125,118024400
2022-02-04 00:00:00+00:00,429.418212890625,448.70001220703125,452.7799987792969,443.8299865722656,446.3500061035156,118454400
2022-02-07 00:00:00+00:00,428.0401306152344,447.260009765625,450.989990234375,445.8500061035156,449.510009765625,84472900
2022-02-08 00:00:00+00:00,431.5619812011719,450.94000244140625,451.9200134277344,445.2200012207031,446.7300109863281,81012000
2022-02-09 00:00:00+00:00,437.8783264160156,457.5400085449219,457.8800048828125,455.010009765625,455.2200012207031,92589900
2022-02-10 00:00:00+00:00,430.0116271972656,449.32000732421875,457.7099914550781,447.20001220703125,451.3399963378906,140103700
2022-02-11 00:00:00+00:00,421.5323486328125,440.4599914550781,451.6099853515625,438.94000244140625,449.4100036621094,153214600
2022-02-14 00:00:00+00:00,420.1541748046875,439.0199890136719,441.6000061035156,435.3399963378906,439.9200134277344,123006300
2022-02-15 00:00:00+00:00,426.9300231933594,446.1000061035156,446.2799987792969,443.17999267578125,443.7300109863281,88482700
2022-02-16 00:00:00+00:00,427.408447265625,446.6000061035156,448.05999755859375,441.94000244140625,443.92999267578125,84863600
2022-02-17 00:00:00+00:00,418.2784118652344,437.05999755859375,446.57000732421875,436.4200134277344,443.2200012207031,102259100
2022-02-18 00:00:00+00:00,415.57012939453125,434.2300109863281,438.6600036621094,431.82000732421875,437.3299865722656,132642900
2022-02-22 00:00:00+00:00,411.11029052734375,429.57000732421875,435.5,425.8599853515625,431.8900146484375,124391800
2022-02-23 00:00:00+00:00,403.8177490234375,421.95001220703125,433.260009765625,421.3500061035156,432.6600036621094,132578000
2022-02-24 00:00:00+00:00,409.8948974609375,428.29998779296875,428.760009765625,410.6400146484375,411.0199890136719,213942900
2022-02-25 00:00:00+00:00,418.9388122558594,437.75,437.8399963378906,427.8599853515625,429.6099853515625,121804500
2022-02-28 00:00:00+00:00,417.8669128417969,436.6300048828125,438.20001220703125,430.70001220703125,432.0299987792969,145615000
2022-03-01 00:00:00+00:00,411.502685546875,429.9800109863281,437.1700134277344,427.1099853515625,435.0400085449219,137785900
2022-03-02 00:00:00+00:00,419.0727233886719,437.8900146484375,439.7200012207031,431.57000732421875,432.3699951171875,117726500
2022-03-03 00:00:00+00:00,416.9864196777344,435.7099914550781,441.1099853515625,433.79998779296875,440.4700012207031,105501700
2022-03-04 00:00:00+00:00,413.59857177734375,432.1700134277344,433.3699951171875,427.8800048828125,431.75,113978200
2022-03-07 00:00:00+00:00,401.40606689453125,419.42999267578125,432.29998779296875,419.3599853515625,431.54998779296875,137896600
2022-03-08 00:00:00+00:00,398.3627014160156,416.25,427.2099914550781,415.1199951171875,419.6199951171875,164772700
2022-03-09 00:00:00+00:00,409.0431213378906,427.4100036621094,429.510009765625,422.82000732421875,425.1400146484375,116990800
2022-03-10 00:00:00+00:00,407.1960754394531,425.4800109863281,426.42999267578125,420.44000244140625,422.5199890136719,93972700
2022-03-11 00:00:00+00:00,402.0185546875,420.07000732421875,428.7699890136719,419.5299987792969,428.1199951171875,95636300
2022-03-14 00:00:00+00:00,399.08050537109375,417.0,424.54998779296875,415.7900085449219,420.8900146484375,95729200
2022-03-15 00:00:00+00:00,407.8563537597656,426.1700134277344,426.8399963378906,418.4200134277344,419.7699890136719,106219100
2022-03-16 00:00:00+00:00,416.90032958984375,435.6199951171875,435.67999267578125,424.79998779296875,429.8900146484375,144954800
2022-03-17 00:00:00+00:00,422.11614990234375,441.07000732421875,441.07000732421875,433.19000244140625,433.5899963378906,102676900
2022-03-18 00:00:00+00:00,426.7394714355469,444.5199890136719,444.8599853515625,437.2200012207031,438.0,106345500
2022-03-21 00:00:00+00:00,426.6146240234375,444.3900146484375,446.4599914550781,440.67999267578125,444.3399963378906,88349800
2022-03-22 00:00:00+00:00,431.606689453125,449.5899963378906,450.5799865722656,445.8599853515625,445.8599853515625,74650400
2022-03-23 00:00:00+00:00,426.0482482910156,443.79998779296875,448.489990234375,443.7099914550781,446.9100036621094,79426100
2022-03-24 00:00:00+00:00,432.4706726074219,450.489990234375,450.5,444.760009765625,445.94000244140625,64736900
2022-03-25 00:00:00+00:00,434.58270263671875,452.69000244140625,452.9800109863281,448.42999267578125,451.1600036621094,77101300
2022-03-28 00:00:00+00:00,437.67388916015625,455.9100036621094,455.9100036621094,450.05999755859375,452.05999755859375,68529800
2022-03-29 00:00:00+00:00,443.0882568359375,461.54998779296875,462.07000732421875,457.17999267578125,460.0199890136719,86581500
2022-03-30 00:00:00+00:00,440.35235595703125,458.70001220703125,461.20001220703125,456.4700012207031,460.3399963378906,79666900
2022-03-31 00:00:00+00:00,433.5746765136719,451.6400146484375,458.760009765625,451.1600036621094,457.8900146484375,121699900
2022-04-01 00:00:00+00:00,434.8034973144531,452.9200134277344,453.4599914550781,449.1400146484375,453.30999755859375,89048800
2022-04-04 00:00:00+00:00,438.5282897949219,456.79998779296875,456.9100036621094,452.260009765625,453.1300048828125,59601000
2022-04-05 00:00:00+00:00,432.989013671875,451.0299987792969,457.8299865722656,449.82000732421875,455.2200012207031,74214500
2022-04-06 00:00:00+00:00,428.65948486328125,446.5199890136719,448.92999267578125,443.4700012207031,446.8900146484375,106898000
2022-04-07 00:00:00+00:00,430.8194885253906,448.7699890136719,450.69000244140625,443.5299987792969,445.5899963378906,78097200
2022-04-08 00:00:00+00:00,429.6674499511719,447.57000732421875,450.6300048828125,445.94000244140625,447.9700012207031,79272700
2022-04-11 00:00:00+00:00,422.3234558105469,439.9200134277344,445.0,439.3900146484375,444.1099853515625,89770500
2022-04-12 00:00:00+00:00,420.7586975097656,438.2900085449219,445.75,436.6499938964844,443.0799865722656,84363600
2022-04-13 00:00:00+00:00,425.5778503417969,443.30999755859375,444.1099853515625,437.8399963378906,438.0299987792969,74070400
2022-04-14 00:00:00+00:00,420.2786865234375,437.7900085449219,444.7300109863281,437.67999267578125,443.54998779296875,97869500
2022-04-18 00:00:00+00:00,420.4515075683594,437.9700012207031,439.75,435.6099853515625,436.80999755859375,66002500
2022-04-19 00:00:00+00:00,427.2386474609375,445.0400085449219,445.79998779296875,437.67999267578125,437.8599853515625,77821000
2022-04-20 00:00:00+00:00,426.9219055175781,444.7099914550781,447.57000732421875,443.4800109863281,446.9200134277344,65224400
2022-04-21 00:00:00+00:00,420.5378723144531,438.05999755859375,450.010009765625,437.1000061035156,448.5400085449219,85417300
2022-04-22 00:00:00+00:00,408.9986572265625,426.0400085449219,438.0799865722656,425.44000244140625,436.9100036621094,132471800
2022-04-25 00:00:00+00:00,411.369873046875,428.510009765625,428.69000244140625,418.8399963378906,423.6700134277344,119647700
2022-04-26 00:00:00+00:00,399.45623779296875,416.1000061035156,426.0400085449219,416.07000732421875,425.8299865722656,103996300
2022-04-27 00:00:00+00:00,400.57940673828125,417.2699890136719,422.9200134277344,415.010009765625,417.239990234375,122030000
2022-04-28 00:00:00+00:00,410.69781494140625,427.80999755859375,429.6400146484375,417.6000061035156,422.2900085449219,105449100
2022-04-29 00:00:00+00:00,395.5202331542969,412.0,425.8699951171875,411.2099914550781,423.5899963378906,145491100
2022-05-02 00:00:00+00:00,397.90106201171875,414.4800109863281,415.9200134277344,405.0199890136719,412.07000732421875,158312500
2022-05-03 00:00:00+00:00,399.7250671386719,416.3800048828125,418.92999267578125,413.3599853515625,415.010009765625,100028200
2022-05-04 00:00:00+00:00,411.8978576660156,429.05999755859375,429.6600036621094,413.7099914550781,417.0799865722656,144247900
2022-05-05 00:00:00+00:00,397.2577819824219,413.80999755859375,425.0,409.44000244140625,424.54998779296875,172929100
2022-05-06 00:00:00+00:00,394.8866882324219,411.3399963378906,414.79998779296875,405.7300109863281,411.1000061035156,151770800
2022-05-09 00:00:00+00:00,382.24346923828125,398.1700134277344,406.4100036621094,396.5,405.1000061035156,155586100
2022-05-10 00:00:00+00:00,383.1266174316406,399.0899963378906,406.0799865722656,394.82000732421875,404.489990234375,132497200
2022-05-11 00:00:00+00:00,377.04022216796875,392.75,404.0400085449219,391.9599914550781,398.07000732421875,142361000
2022-05-12 00:00:00+00:00,376.64666748046875,392.3399963378906,395.79998779296875,385.1499938964844,389.3699951171875,125090800
2022-05-13 00:00:00+00:00,385.6514587402344,401.7200012207031,403.17999267578125,395.6099853515625,396.7099914550781,104174400
2022-05-16 00:00:00+00:00,384.086669921875,400.0899963378906,403.9700012207031,397.6000061035156,399.9800109863281,78622400
2022-05-17 00:00:00+00:00,391.98748779296875,408.32000732421875,408.57000732421875,402.5799865722656,406.5299987792969,83029700
2022-05-18 00:00:00+00:00,376.1858215332031,391.8599853515625,403.79998779296875,390.54998779296875,403.5,117674500
2022-05-19 00:00:00+00:00,373.8818664550781,389.4599914550781,394.1400146484375,387.1099853515625,388.6199951171875,98510700
2022-05-20 00:00:00+00:00,374.0450744628906,389.6300048828125,397.0299987792969,380.5400085449219,393.25,131432200
2022-05-23 00:00:00+00:00,381.0434265136719,396.9200134277344,397.7300109863281,390.3800048828125,392.8299865722656,76414900
2022-05-24 00:00:00+00:00,378.1346740722656,393.8900146484375,395.1499938964844,386.9599914550781,392.55999755859375,91448800
2022-05-25 00:00:00+00:00,381.4754333496094,397.3699951171875,399.45001220703125,391.8900146484375,392.30999755859375,91472900
2022-05-26 00:00:00+00:00,389.0978698730469,405.30999755859375,407.0400085449219,398.45001220703125,398.6700134277344,82168300
2022-05-27 00:00:00+00:00,398.6498718261719,415.260009765625,415.3800048828125,407.70001220703125,407.9100036621094,84768700
2022-05-31 00:00:00+00:00,396.4130554199219,412.92999267578125,416.4599914550781,410.0299987792969,413.54998779296875,95937000
2022-06-01 00:00:00+00:00,393.2066345214844,409.5899963378906,416.239990234375,406.92999267578125,415.1700134277344,86585800
2022-06-02 00:00:00+00:00,400.6947021484375,417.3900146484375,417.44000244140625,407.0400085449219,409.4200134277344,79609600
2022-06-03 00:00:00+00:00,394.11865234375,410.5400085449219,414.0400085449219,409.510009765625,412.3999938964844,71874300
2022-06-06 00:00:00+00:00,395.3186950683594,411.7900085449219,416.6099853515625,410.54998779296875,414.7799987792969,57508900
2022-06-07 00:00:00+00:00,399.11065673828125,415.739990234375,416.2200012207031,407.6099853515625,408.1000061035156,59272400
2022-06-08 00:00:00+00:00,394.771484375,411.2200012207031,415.82000732421875,410.3800048828125,413.92999267578125,64350000
2022-06-09 00:00:00+00:00,385.3826599121094,401.44000244140625,411.739990234375,401.44000244140625,409.3399963378906,86289800
2022-06-10 00:00:00+00:00,374.2082214355469,389.79998779296875,395.7799987792969,389.75,394.8800048828125,132893900
2022-06-13 00:00:00+00:00,360.0002746582031,375.0,381.80999755859375,373.29998779296875,379.8500061035156,170004900
2022-06-14 00:00:00+00:00,358.9154357910156,373.8699951171875,377.94000244140625,370.5899963378906,376.8500061035156,104011800
2022-06-15 00:00:00+00:00,364.03228759765625,379.20001220703125,383.8999938964844,372.1199951171875,377.3599853515625,125666800
2022-06-16 00:00:00+00:00,351.9842529296875,366.6499938964844,370.94000244140625,364.0799865722656,370.510009765625,134473300
2022-06-17 00:00:00+00:00,352.74298095703125,365.8599853515625,369.3800048828125,362.1700134277344,365.510009765625,111113900
2022-06-21 00:00:00+00:00,361.6227722167969,375.07000732421875,376.5299987792969,371.80999755859375,371.8900146484375,76811900
2022-06-22 00:00:00+00:00,360.9671936035156,374.3900146484375,378.7200012207031,370.17999267578125,370.6199951171875,90059400
2022-06-23 00:00:00+00:00,364.505615234375,378.05999755859375,378.8299865722656,372.8900146484375,376.6400146484375,79292100
2022-06-24 00:00:00+00:00,376.0946044921875,390.0799865722656,390.0899963378906,381.3699951171875,381.3999938964844,98050300
2022-06-27 00:00:00+00:00,374.6580810546875,388.5899963378906,391.3599853515625,387.44000244140625,391.04998779296875,66009600
2022-06-28 00:00:00+00:00,367.0027770996094,380.6499938964844,393.1600036621094,380.5299987792969,390.2300109863281,86548900
2022-06-29 00:00:00+00:00,366.7038879394531,380.3399963378906,382.2699890136719,378.4200134277344,381.2300109863281,65676000
2022-06-30 00:00:00+00:00,363.7247009277344,377.25,380.6600036621094,372.55999755859375,376.239990234375,112508300
2022-07-01 00:00:00+00:00,367.5716247558594,381.239990234375,381.70001220703125,373.79998779296875,376.55999755859375,74839700
2022-07-05 00:00:00+00:00,368.2657775878906,381.9599914550781,381.9800109863281,372.8999938964844,375.8800048828125,81438000
2022-07-06 00:00:00+00:00,369.50958251953125,383.25,385.8699951171875,379.6000061035156,382.1099853515625,70426200
2022-07-07 00:00:00+00:00,375.0437316894531,388.989990234375,389.8299865722656,383.2699890136719,385.1199951171875,64525900
2022-07-08 00:00:00+00:00,374.7352600097656,388.6700134277344,390.6400146484375,385.6600036621094,387.2699890136719,72397800
2022-07-11 00:00:00+00:00,370.4543762207031,384.2300109863281,386.8699951171875,383.5,385.8500061035156,58366900
2022-07-12 00:00:00+00:00,367.17626953125,380.8299865722656,386.1600036621094,378.989990234375,383.6499938964844,62219200
2022-07-13 00:00:00+00:00,365.24798583984375,378.8299865722656,381.9200134277344,374.6600036621094,375.1000061035156,84224600
2022-07-14 00:00:00+00:00,364.3609924316406,377.9100036621094,379.04998779296875,371.0400085449219,373.6099853515625,89704800
2022-07-15 00:00:00+00:00,371.3221130371094,385.1300048828125,385.25,380.5400085449219,382.54998779296875,79060400
2022-07-18 00:00:00+00:00,368.2561340332031,381.95001220703125,389.0899963378906,380.6600036621094,388.3800048828125,63203600
2022-07-19 00:00:00+00:00,378.2061462402344,392.2699890136719,392.8699951171875,385.3900146484375,386.0799865722656,78506000
2022-07-20 00:00:00+00:00,380.61651611328125,394.7699890136719,396.260009765625,391.0299987792969,392.4700012207031,71843800
2022-07-21 00:00:00+00:00,384.4924011230469,398.7900085449219,398.8399963378906,391.6300048828125,394.1600036621094,64903900
2022-07-22 00:00:00+00:00,380.92498779296875,395.0899963378906,400.17999267578125,392.75,398.9200134277344,72197300
2022-07-25 00:00:00+00:00,381.3878479003906,395.57000732421875,396.4700012207031,393.2099914550781,395.75,53631500
2022-07-26 00:00:00+00:00,376.8756103515625,390.8900146484375,394.05999755859375,389.95001220703125,393.8399963378906,52946400
2022-07-27 00:00:00+00:00,386.6617431640625,401.0400085449219,402.8800048828125,394.04998779296875,394.3599853515625,82342100
2022-07-28 00:00:00+00:00,391.51141357421875,406.07000732421875,406.79998779296875,398.1499938964844,401.8900146484375,73966600
2022-07-29 00:00:00+00:00,397.2191162109375,411.989990234375,413.0299987792969,406.7699890136719,407.5799865722656,87003700
2022-08-01 00:00:00+00:00,396.04290771484375,410.7699890136719,413.4100036621094,408.3999938964844,409.1499938964844,69997500
2022-08-02 00:00:00+00:00,393.4300842285156,408.05999755859375,413.0,406.82000732421875,409.1199951171875,63435400
2022-08-03 00:00:00+00:00,399.5909729003906,414.45001220703125,415.67999267578125,410.0,410.29998779296875,67820600
2022-08-04 00:00:00+00:00,399.3210144042969,414.1700134277344,415.0899963378906,412.44000244140625,414.3699951171875,45656600
2022-08-05 00:00:00+00:00,398.64605712890625,413.4700012207031,414.1499938964844,409.6000061035156,409.6600036621094,56814900
2022-08-08 00:00:00+00:00,398.1832580566406,412.989990234375,417.6199951171875,411.8299865722656,415.25,53886100
2022-08-09 00:00:00+00:00,396.6020812988281,411.3500061035156,412.75,410.2200012207031,412.2200012207031,44931800
2022-08-10 00:00:00+00:00,404.93231201171875,419.989990234375,420.1400146484375,416.7200012207031,418.7799987792969,68665700
2022-08-11 00:00:00+00:00,404.93231201171875,419.989990234375,424.95001220703125,419.2099914550781,422.989990234375,59489700
2022-08-12 00:00:00+00:00,411.78741455078125,427.1000061035156,427.2099914550781,421.0299987792969,422.0299987792969,61694500
2022-08-15 00:00:00+00:00,413.48431396484375,428.8599853515625,429.4100036621094,424.7099914550781,424.7699890136719,54048300
2022-08-16 00:00:00+00:00,414.294189453125,429.70001220703125,431.7300109863281,426.8800048828125,427.7300109863281,59289000
2022-08-17 00:00:00+00:00,411.3535461425781,426.6499938964844,429.5,424.5400085449219,425.9100036621094,63563400
2022-08-18 00:00:00+00:00,412.5491027832031,427.8900146484375,428.6099853515625,425.5,426.8599853515625,49023200
2022-08-19 00:00:00+00:00,407.0052490234375,422.1400146484375,425.260009765625,421.2200012207031,424.9800109863281,68016900
2022-08-22 00:00:00+00:00,398.5303649902344,413.3500061035156,417.2300109863281,412.3999938964844,417.04998779296875,77695600
2022-08-23 00:00:00+00:00,397.5662536621094,412.3500061035156,415.4200134277344,411.7699890136719,412.8999938964844,49105200
2022-08-24 00:00:00+00:00,398.83892822265625,413.6700134277344,415.1099853515625,411.3900146484375,412.1099853515625,49177800
2022-08-25 00:00:00+00:00,404.46954345703125,419.510009765625,419.55999755859375,414.0899963378906,415.239990234375,50942300
2022-08-26 00:00:00+00:00,390.7786560058594,405.30999755859375,419.9599914550781,405.25,419.3900146484375,103087000
2022-08-29 00:00:00+00:00,388.1947326660156,402.6300048828125,405.8399963378906,401.20001220703125,402.20001220703125,65370800
2022-08-30 00:00:00+00:00,383.93316650390625,398.2099914550781,404.1000061035156,396.0,403.8500061035156,85652400
2022-08-31 00:00:00+00:00,381.01177978515625,395.17999267578125,401.239990234375,395.0400085449219,399.92999267578125,76029700
2022-09-01 00:00:00+00:00,382.2073669433594,396.4200134277344,396.7799987792969,390.0400085449219,392.8900146484375,78740100
2022-09-02 00:00:00+00:00,378.17724609375,392.239990234375,401.55999755859375,390.3299865722656,400.2799987792969,99632100
2022-09-06 00:00:00+00:00,376.75030517578125,390.760009765625,394.1199951171875,388.4200134277344,393.1300048828125,76637400
2022-09-07 00:00:00+00:00,383.5185546875,397.7799987792969,398.5899963378906,390.20001220703125,390.42999267578125,70964200
2022-09-08 00:00:00+00:00,386.0254211425781,400.3800048828125,400.8599853515625,394.1199951171875,395.3900146484375,80821700
2022-09-09 00:00:00+00:00,392.0223388671875,406.6000061035156,407.510009765625,402.4599914550781,402.739990234375,76706900
2022-09-12 00:00:00+00:00,396.2356872558594,410.9700012207031,411.7300109863281,408.4599914550781,408.7799987792969,69256300
2022-09-13 00:00:00+00:00,379.0063781738281,393.1000061035156,403.1000061035156,391.9200134277344,401.8299865722656,122947100
2022-09-14 00:00:00+00:00,380.45263671875,394.6000061035156,396.20001220703125,391.1199951171875,394.4700012207031,85023700
2022-09-15 00:00:00+00:00,376.13323974609375,390.1199951171875,395.9599914550781,388.7799987792969,392.9599914550781,87633800
2022-09-16 00:00:00+00:00,373.26373291015625,385.55999755859375,386.25,382.1099853515625,384.1400146484375,103084800
2022-09-19 00:00:00+00:00,376.1584167480469,388.54998779296875,388.54998779296875,382.17999267578125,382.260009765625,73278500
2022-09-20 00:00:00+00:00,371.84063720703125,384.0899963378906,386.1199951171875,381.20001220703125,385.05999755859375,77274900
2022-09-21 00:00:00+00:00,365.35430908203125,377.3900146484375,389.30999755859375,377.3800048828125,386.1099853515625,106746600
2022-09-22 00:00:00+00:00,362.2854309082031,374.2200012207031,378.29998779296875,373.44000244140625,376.5799865722656,89472600
2022-09-23 00:00:00+00:00,356.2153625488281,367.95001220703125,370.6199951171875,363.2900085449219,370.5799865722656,122346900
2022-09-26 00:00:00+00:00,352.6914367675781,364.30999755859375,370.2099914550781,363.0299987792969,366.4100036621094,92581200
2022-09-27 00:00:00+00:00,351.7911071777344,363.3800048828125,370.3999938964844,360.8699951171875,368.0199890136719,108294100
2022-09-28 00:00:00+00:00,358.71307373046875,370.5299987792969,372.29998779296875,362.6000061035156,364.3800048828125,110802200
2022-09-29 00:00:00+00:00,351.219970703125,362.7900085449219,367.1099853515625,359.70001220703125,366.80999755859375,112952300
2022-09-30 00:00:00+00:00,345.7888488769531,357.17999267578125,365.9100036621094,357.0400085449219,361.79998779296875,153711200
2022-10-03 00:00:00+00:00,354.9181213378906,366.6099853515625,368.54998779296875,359.2099914550781,361.0799865722656,89756500
2022-10-04 00:00:00+00:00,365.9158020019531,377.9700012207031,378.0,366.57000732421875,372.3999938964844,103602800
2022-10-05 00:00:00+00:00,365.0638732910156,377.0899963378906,379.4599914550781,370.95001220703125,373.3900146484375,88065700
2022-10-06 00:00:00+00:00,361.2979431152344,373.20001220703125,378.7200012207031,372.67999267578125,375.6199951171875,82333500
2022-10-07 00:00:00+00:00,351.219970703125,362.7900085449219,373.2900085449219,360.94000244140625,368.9700012207031,107789500
2022-10-10 00:00:00+00:00,348.53826904296875,360.0199890136719,364.2099914550781,357.6700134277344,363.9599914550781,76042800
2022-10-11 00:00:00+00:00,346.3309631347656,357.739990234375,363.0299987792969,355.7099914550781,358.239990234375,92482800
2022-10-12 00:00:00+00:00,345.1886291503906,356.55999755859375,359.82000732421875,356.29998779296875,358.1700134277344,76991800
2022-10-13 00:00:00+00:00,354.29852294921875,365.9700012207031,367.510009765625,348.1099853515625,349.2099914550781,147254500
2022-10-14 00:00:00+00:00,346.2245178222656,357.6300048828125,370.260009765625,356.9599914550781,368.54998779296875,123737000
2022-10-17 00:00:00+00:00,355.12139892578125,366.82000732421875,367.9800109863281,357.2799987792969,364.010009765625,93168200
2022-10-18 00:00:00+00:00,359.2939758300781,371.1300048828125,375.45001220703125,367.5199890136719,375.1300048828125,97162900
2022-10-19 00:00:00+00:00,356.7478332519531,368.5,371.8500061035156,365.54998779296875,368.989990234375,79746900
2022-10-20 00:00:00+00:00,353.7563781738281,365.4100036621094,372.6700134277344,364.6099853515625,368.0299987792969,88283100
2022-10-21 00:00:00+00:00,362.35321044921875,374.2900085449219,374.79998779296875,363.5400085449219,365.1199951171875,131038400
2022-10-24 00:00:00+00:00,366.787109375,378.8699951171875,380.05999755859375,373.1099853515625,375.8900146484375,85436900
2022-10-25 00:00:00+00:00,372.6441650390625,384.9200134277344,385.25,378.6700134277344,378.7900085449219,78846300
2022-10-26 00:00:00+00:00,369.8366394042969,382.0199890136719,387.5799865722656,381.3500061035156,381.6199951171875,104087300
2022-10-27 00:00:00+00:00,367.8617248535156,379.9800109863281,385.0,379.3299865722656,383.07000732421875,81971800
2022-10-28 00:00:00+00:00,376.6134033203125,389.0199890136719,389.5199890136719,379.67999267578125,379.8699951171875,100302000
2022-10-31 00:00:00+00:00,373.89300537109375,386.2099914550781,388.3999938964844,385.260009765625,386.44000244140625,96631300
2022-11-01 00:00:00+00:00,372.25689697265625,384.5199890136719,390.3900146484375,383.2900085449219,390.1400146484375,85407600
2022-11-02 00:00:00+00:00,362.9146728515625,374.8699951171875,388.6300048828125,374.760009765625,383.8999938964844,126990400
2022-11-03 00:00:00+00:00,359.17779541015625,371.010009765625,374.20001220703125,368.7900085449219,371.4700012207031,87100100
2022-11-04 00:00:00+00:00,364.34747314453125,376.3500061035156,378.8699951171875,370.0,377.0,103505200
2022-11-07 00:00:00+00:00,367.8326721191406,379.95001220703125,380.57000732421875,375.5299987792969,377.7099914550781,68286900
2022-11-08 00:00:00+00:00,369.8172912597656,382.0,385.1199951171875,377.7200012207031,381.1099853515625,84641100
2022-11-09 00:00:00+00:00,362.1983337402344,374.1300048828125,381.1400146484375,373.6099853515625,379.92999267578125,78495500
2022-11-10 00:00:00+00:00,382.10260009765625,394.69000244140625,395.0400085449219,385.6400146484375,388.04998779296875,141455800
2022-11-11 00:00:00+00:00,385.80078125,398.510009765625,399.3500061035156,393.6099853515625,395.5899963378906,93839900
2022-11-14 00:00:00+00:00,382.51885986328125,395.1199951171875,400.17999267578125,394.8299865722656,396.6600036621094,71903500
2022-11-15 00:00:00+00:00,385.7813720703125,398.489990234375,402.30999755859375,394.489990234375,401.1499938964844,93194500
2022-11-16 00:00:00+00:00,382.83837890625,395.45001220703125,397.7799987792969,394.7900085449219,396.7799987792969,68508500
2022-11-17 00:00:00+00:00,381.6668701171875,394.239990234375,394.95001220703125,390.1400146484375,390.4599914550781,74496300
2022-11-18 00:00:00+00:00,383.39984130859375,396.0299987792969,397.80999755859375,393.0400085449219,397.739990234375,92922500
2022-11-21 00:00:00+00:00,382.0057678222656,394.5899963378906,395.82000732421875,392.6600036621094,394.6400146484375,51243200
2022-11-22 00:00:00+00:00,387.14642333984375,399.8999938964844,400.07000732421875,395.1499938964844,396.6300048828125,60429000
2022-11-23 00:00:00+00:00,389.5860290527344,402.4200134277344,402.92999267578125,399.30999755859375,399.54998779296875,68261600
2022-11-25 00:00:00+00:00,389.4989318847656,402.3299865722656,402.9100036621094,401.5400085449219,401.8299865722656,30545400
2022-11-28 00:00:00+00:00,383.2837219238281,395.9100036621094,400.80999755859375,395.1099853515625,399.0899963378906,67881600
2022-11-29 00:00:00+00:00,382.6253662109375,395.2300109863281,397.29998779296875,393.29998779296875,396.04998779296875,52310000
2022-11-30 00:00:00+00:00,394.6783142089844,407.67999267578125,407.67999267578125,393.4800109863281,395.489990234375,144566700
2022-12-01 00:00:00+00:00,394.3879089355469,407.3800048828125,410.0,404.75,408.7699890136719,76398200
2022-12-02 00:00:00+00:00,393.932861328125,406.9100036621094,407.8599853515625,402.1400146484375,402.25,85342700
2022-12-05 00:00:00+00:00,386.8463134765625,399.5899963378906,404.92999267578125,398.1700134277344,403.95001220703125,77289800
2022-12-06 00:00:00+00:00,381.2699890136719,393.8299865722656,399.989990234375,391.6400146484375,399.4200134277344,77972200
2022-12-07 00:00:00+00:00,380.6213684082031,393.1600036621094,395.6400146484375,391.9700012207031,392.94000244140625,65927900
2022-12-08 00:00:00+00:00,383.6031494140625,396.239990234375,397.3599853515625,393.2699890136719,395.1400146484375,60737900
2022-12-09 00:00:00+00:00,380.737548828125,393.2799987792969,397.6199951171875,393.1499938964844,394.94000244140625,81447700
2022-12-12 00:00:00+00:00,386.2267150878906,398.95001220703125,398.95001220703125,393.4100036621094,394.1099853515625,75405800
2022-12-13 00:00:00+00:00,389.150390625,401.9700012207031,410.489990234375,399.07000732421875,410.2200012207031,123782500
2022-12-14 00:00:00+00:00,386.662353515625,399.3999938964844,405.5,396.30999755859375,401.6099853515625,108111300
2022-12-15 00:00:00+00:00,377.2039489746094,389.6300048828125,395.25,387.8900146484375,394.29998779296875,117705900
2022-12-16 00:00:00+00:00,372.7506103515625,383.2699890136719,386.5799865722656,381.0400085449219,385.17999267578125,119858000
2022-12-19 00:00:00+00:00,369.5898132324219,380.0199890136719,383.82000732421875,378.2799987792969,383.4700012207031,79878100
2022-12-20 00:00:00+00:00,370.0955810546875,380.5400085449219,382.2300109863281,377.8500061035156,379.2300109863281,74427200
2022-12-21 00:00:00+00:00,375.62939453125,386.2300109863281,387.4100036621094,382.69000244140625,383.25,78167400
2022-12-22 00:00:00+00:00,370.2706298828125,380.7200012207031,386.2099914550781,374.7699890136719,383.04998779296875,100120900
2022-12-23 00:00:00+00:00,372.4005126953125,382.9100036621094,383.05999755859375,378.0299987792969,379.6499938964844,59857300
2022-12-27 00:00:00+00:00,370.9319763183594,381.3999938964844,383.1499938964844,379.6499938964844,382.7900085449219,51638200
2022-12-28 00:00:00+00:00,366.32208251953125,376.6600036621094,383.3900146484375,376.4200134277344,381.3299865722656,70911500
2022-12-29 00:00:00+00:00,372.9159851074219,383.44000244140625,384.3500061035156,379.0799865722656,379.6300048828125,66970900
2022-12-30 00:00:00+00:00,371.9336853027344,382.42999267578125,382.5799865722656,378.42999267578125,380.6400146484375,84022200
